distro,package,version,swhid
ubuntu,libp11-kit0,0.23.9-2,swh:1:dir:d4a3e57aeb9576131cbfe38bf669fc9ce0033cfa
debian,libiec61883-0,1.2.0-2,swh:1:dir:fe24491c66810cdea201a1e943218e32833e19d6
debian,telnet,0.17-41,swh:1:dir:ba5f5f4723cd735f17213a71cfc3702bc79bf643
debian,python3-electrum,3.1.3-1~bpo9+1,swh:1:dir:7883384d97a64e09c1497ea1e3ee639fd1342495
debian,libsecret-common,0.18.5-3.1,swh:1:dir:cb0ce4b2b92fc00033dea75f2ed83a895f80b2c8
ubuntu,linux-modules-extra-5.3.0-61-generic,5.3.0-61.55~18.04.1,swh:1:dir:988b8d8164b3964a6b4da5b74e776ab82e02b32c
debian,libfile-listing-perl,6.04-1,swh:1:dir:07c9875eb2c2970ecdfcec9e82c32dd3cfb91a72
debian,gcj-6-jre-lib,6.3.0-18+deb9u1,swh:1:dir:b10b6bb8450fef0f8f623c9086fc12494b8b9f42
ubuntu,python3-debconf,1.5.66ubuntu1,swh:1:dir:29ffa898dcf4201e1b7e70fbaff77e0adb3bdc5c
debian,rtmpdump,2.4+20151223.gitfa8646d.1-1+b1,swh:1:dir:dffbc4e23d0bbc3049b212a207e40c0805b53f1b
ubuntu,libcdt5,2.40.1-2,swh:1:dir:59e89b224e3ff3ac93dcd77cbd3828ae7f87ae2d
debian,libavahi-glib1,0.6.32-2,swh:1:dir:0670284751c68987708f9a9b4525c7be1ece81e7
debian,libisc160,1:9.10.3.dfsg.P4-12.3+deb9u6,swh:1:dir:ba72a41437d77152b35a7d265ca6bff2180a20f1
debian,less,481-2.1,swh:1:dir:94ec69f83bcffaa1e54fed4499e9a2af13d3d44e
debian,libsndio6.1,1.1.0-3,swh:1:dir:4af4892673a08f523c210ed17c13849847f24c35
debian,qt-at-spi,0.4.0-5,swh:1:dir:c13cf7bd67ba034220c65254209d8edf3a093193
ubuntu,libalgorithm-diff-perl,1.19.03-1,swh:1:dir:e97f2e0cd17fe8dd3b0bcadaefa856a2d8ae2cee
debian,libmotif-dev,2.3.4-13,swh:1:dir:47b2e381df21282f3305b65e8d3c95b8ccd46248
ubuntu,command-not-found,18.04.5,swh:1:dir:66bfd58892e059d1f4626d368adb41eff1c2c409
ubuntu,libpcsclite1,1.8.23-1,swh:1:dir:c528d9910df73a3f0108d37a419bb81b51daa6df
debian,x11-session-utils,7.7+2+b1,swh:1:dir:4ed756abd4863838deeac541cdc88889240e82e8
ubuntu,liblcms2-2,2.9-1ubuntu0.1,swh:1:dir:735127823e8fdb3e9b4d2154f4c1ebfa5ded079a
debian,install-info,6.3.0.dfsg.1-1+b2,swh:1:dir:e8fcc5effc66bd484832f489be3522967e5b896e
debian,libopenal-data,1:1.17.2-4,swh:1:dir:6f99d83796163a6504ab2120d9370e14591eb0f6
debian,liblzma-dev,5.2.2-1.2+b1,swh:1:dir:0befcbec644a3b3e73d6f983885f093281e9942d
ubuntu,systemd-sysv,237-3ubuntu10.41,swh:1:dir:6197fd2ec4707e28669f803f492a781785f9d34d
debian,libjline-java,1.0-2,swh:1:dir:56d2919a9ecdff0b920e372c4dcb0e6eb570ec9e
debian,init,1.48,swh:1:dir:0dced046670849041b96c1ee307beba55d8ed346
ubuntu,liblwp-mediatypes-perl,6.02-1,swh:1:dir:0c7b00bd0f8c4dc98d2492fa1c8928f08884d10c
debian,libgfortran-6-dev,6.3.0-18+deb9u1,swh:1:dir:b10b6bb8450fef0f8f623c9086fc12494b8b9f42
debian,liblua5.2-0,5.2.4-1.1+b2,swh:1:dir:0e7849a7de141cf8255881423d9827382f05fb5b
ubuntu,libcryptsetup12,2:2.0.2-1ubuntu1.1,swh:1:dir:d7ce65a330490b5f14269a70a04cbeb8f77db3bf
debian,sgml-base,1.29,swh:1:dir:095d2c7f0c9ccb270ccd69f887740da6bc888ce9
debian,libxcb-icccm4-dev,0.4.1-1,swh:1:dir:e3f6e50a4c9c401c70204bdfbc93384196d7b7f5
debian,libcairo2-dev,1.14.8-1,swh:1:dir:2710df1e5a22f4411ffdd356d7f67656d35715d5
debian,libgsm1,1.0.13-4+b2,swh:1:dir:bf1ec25853f2c0ac7853757348f59cb27d093b05
ubuntu,linux-image-5.3.0-53-generic,5.3.0-53.47~18.04.1,swh:1:dir:52a377f1738da74986c39f67c3d7a305c80cafbe
debian,libibus-1.0-dev,1.5.14-3+deb9u2,swh:1:dir:7eb63f19b75149c7bac0d395f8e13a093b263b71
ubuntu,libpng16-16,1.6.34-1ubuntu0.18.04.2,swh:1:dir:50e16418c3dcc9bf748bd45897fe4c179002a29a
debian,libmono-system-security4.0-cil,4.6.2.7+dfsg-1,swh:1:dir:0337be756fcbe9327bf59c5cd32b97830e537183
debian,libobasis5.3-core,5.3.4.2-2,swh:1:dir:be9528c05aeb436cb268fdf6f84eb3ae72fe96af
ubuntu,libxmuu1,2:1.1.2-2,swh:1:dir:309bb0263973086d3c0dcbcc783a9f4f460287bd
debian,libxml-sax-perl,0.99+dfsg-2,swh:1:dir:4e87a702ea5f7bcb8019c132b277ecc2427e1e2f
debian,logrotate,3.11.0-0.1,swh:1:dir:f8194716814e3f829ecba4d9561d4c8bf94113fa
debian,libnspr4,2:4.12-6,swh:1:dir:6c147f5bbb2371beeaa494407fe551027ee416ad
debian,libdb5.3,5.3.28-12+deb9u1,swh:1:dir:3f481d0b99341d57086851388387ce06b89602aa
debian,libxalan2-java,2.7.1-9,swh:1:dir:2a05d467e76e3ea8c0ebc5882f5e49f01c06ea93
debian,libobasis5.3-extension-pdf-import,5.3.4.2-2,swh:1:dir:be9528c05aeb436cb268fdf6f84eb3ae72fe96af
debian,libgupnp-igd-1.0-4,0.2.4-1+b2,swh:1:dir:73d91fce16ee4459807e0fd9cf55a55dfae8ff2e
debian,libjson-c3,0.12.1-1.1,swh:1:dir:23cc2e77222c8c5f69e36fed33f25fc00ac73c85
ubuntu,libgcc1,1:8.4.0-1ubuntu1~18.04,swh:1:dir:d49af0c20553df7786c37c2c2f91ac5808a9d6ec
debian,libswresample2,7:3.2.14-1~deb9u1,swh:1:dir:085de4bd8865a7e8540c32a9243afcc364d1c5aa
debian,libgpgme11,1.8.0-3+b2,swh:1:dir:f62cf02e1196f88e2ae33dec2f67540b5c0a5922
debian,gir1.2-atspi-2.0,2.22.0-6+deb9u1,swh:1:dir:c516116bcbd2898ba1e7b71602f992281489f4e4
debian,libswitch-perl,2.17-2,swh:1:dir:0b24871a1b0926fa237587c6902b34872f6e44fe
debian,libpython2.7,2.7.13-2+deb9u3,swh:1:dir:5d0dde871ed19d3a96a4137bede70a1aee6d4bd7
debian,libchm1,2:0.40a-3+b2,swh:1:dir:ae4e919e53b5921427be811ea9e409905891367e
debian,firmware-linux-nonfree,20161130-5,swh:1:dir:afbf56a5e4161611792c6c808daa7ffc488e88e9
debian,libpangomm-1.4-1,2.34.0-1.1,swh:1:dir:87253d0e321530cf323bc7a252ef799a5bbbc26b
debian,libscalar-list-utils-perl,1:1.47-1,swh:1:dir:3f6218c9e4c3e708f324dd8560fb9a0feafb1c59
debian,libminizip1,1.1-8+b1,swh:1:dir:80b2f84e6fd65b7cb3efbe22bc50512b8bdefe4d
debian,libqt4-sql,4:4.8.7+dfsg-11,swh:1:dir:96697ee08e13d2823db56f2404f25d5c31d4e2a0
ubuntu,grub-pc-bin,2.02-2ubuntu8.15,swh:1:dir:d16fad91d791e11a6e41eea6376dfce091051bdf
debian,libxcb-shm0,1.12-1,swh:1:dir:745caaf63945d5ca3afe7a3ce3583962afc1f262
ubuntu,libgvpr2,2.40.1-2,swh:1:dir:59e89b224e3ff3ac93dcd77cbd3828ae7f87ae2d
ubuntu,uidmap,1:4.5-1ubuntu2,swh:1:dir:13b22c6670e3b7808730941bec7de6595b75a4c4
ubuntu,python3-twisted,17.9.0-2ubuntu0.1,swh:1:dir:01f70be8052ec09df302650356927849e36d6df9
debian,libnfnetlink0,1.0.1-3,swh:1:dir:c6ed0e7cfcf22db8f04684e32e7927258ed0d269
debian,libiw30,30~pre9-12+b1,swh:1:dir:b85f0f778f696a06dc74138b23f05e09ae29a92d
debian,intel-gpu-tools,1.17-1,swh:1:dir:c0a7229da7531b92e073c2d781289683c308463c
debian,libpango-1.0-0,1.40.5-1,swh:1:dir:87253d0e321530cf323bc7a252ef799a5bbbc26b
debian,libdatrie1,0.2.10-4+b1,swh:1:dir:54d89da178dfe4b13b0fdc4853e9acea668ce7b7
debian,libxcb-damage0,1.12-1,swh:1:dir:745caaf63945d5ca3afe7a3ce3583962afc1f262
debian,libapt-inst2.0,1.4.10,swh:1:dir:e511fec46be8b258dff3596887adc9f6f459299c
ubuntu,gcc-7,7.5.0-3ubuntu1~18.04,swh:1:dir:1c05dc7c4afc412096a0cf418dfc5acd9e415b57
debian,python3-pyqt5,5.7+dfsg-5,swh:1:dir:2f00cc54c37b70173e611b1febfb951c5ee337ba
debian,sensible-utils,0.0.9+deb9u1,swh:1:dir:18f3e0fc94428221223eca3b1d204e2716a88b01
debian,libopts25,1:5.18.12-3,swh:1:dir:76d14df4e7426364e419a4d999f2698f9f3dcd51
ubuntu,ufw,0.36-0ubuntu0.18.04.1,swh:1:dir:8ebb3bfc5ff9f75bfd2e1b7b4e207161b43a1f14
debian,fontforge-extras,0.3-4,swh:1:dir:926390b14593a51bc26002761259416c93b9f715
debian,libxcb-shape0,1.12-1,swh:1:dir:745caaf63945d5ca3afe7a3ce3583962afc1f262
debian,ftp,0.17-34,swh:1:dir:caaaca620114219b73971a87d57a0ffa62427a38
debian,libmjpegutils-2.1-0,1:2.1.0+debian-5,swh:1:dir:b507fc49a3d8b2bf576f42f903d27e9cee477c3e
debian,libgeoip1,1.6.9-4,swh:1:dir:c69bdd845bb285b0dba239674f2be0277826c658
ubuntu,binutils-common,2.30-21ubuntu1~18.04.3,swh:1:dir:a3434e1a99f25516ab50a70a08c1d6e36ca1851d
debian,libtwolame0,0.3.13-2,swh:1:dir:36bb4e456db6b3046548870731a7049453681c84
debian,automake,1:1.15-6,swh:1:dir:80b4c298a28eec82e22030fbe7ddbb2b20339ce2
debian,vim-common,2:8.0.0197-4+deb9u3,swh:1:dir:d4b3ad519adf45ef1caf7c32356be2257c15a748
debian,libwebkit2gtk-4.0-dev,2.18.6-1~deb9u1,swh:1:dir:d3ee61862f54b35a4aed909a4ca8b2f9e238edb9
debian,libharfbuzz-dev,1.4.2-1,swh:1:dir:0cd71a8d46386d404225e160d8fd2705eb094a9f
debian,libauthen-sasl-perl,2.1600-1,swh:1:dir:cbbf36f3719fd6072017651443e27c60d1368089
debian,libreoffice6.1,6.1.0.3-3,swh:1:dir:3095b784e901836ca66e3fdb0b5f3bb666d5f018
ubuntu,tcpdump,4.9.3-0ubuntu0.18.04.1,swh:1:dir:4c6d320b7fc09169e1ef3139b526ae7362a7ce97
debian,rsyslog,8.4.2-1+deb8u2,swh:1:dir:229f2cfbe60a070aa61289378dde874447065fc0
debian,libopencv-features2d2.4v5,2.4.9.1+dfsg1-2,swh:1:dir:8c48d5da54dd6f953aefb1fffc6a27439fd296e3
ubuntu,netplan.io,0.99-0ubuntu3~18.04.3,swh:1:dir:cc67d4008958e6ab8146391b8cc4815b81462fae
ubuntu,linux-modules-5.3.0-46-generic,5.3.0-46.38~18.04.1,swh:1:dir:988b8d8164b3964a6b4da5b74e776ab82e02b32c
debian,libwebpdemux1,0.4.1-1.2+b2,swh:1:dir:cfd00e010ee97a366c2a01a6ae03bc35b3a511a2
debian,libxml-namespacesupport-perl,1.11-1,swh:1:dir:5309d136d24fef9f138a187c52fd81553bf72903
debian,libvulkan1,1.0.39.0+dfsg1-1,swh:1:dir:0f1d37079bec296ce6ef3b9c433a08e259ed05ea
ubuntu,mtr-tiny,0.92-1,swh:1:dir:b657f2abf573c18d83d21daac66b8aa91e6f40b5
debian,x11proto-kb-dev,1.0.7-1,swh:1:dir:a328ddb3d4d382c43c5508848181448625259a84
debian,libxcursor-dev,1:1.1.14-1+deb9u2,swh:1:dir:a3b4cf740a1f2eb18bfa295d5ebc4586fdaa50ce
ubuntu,curl,7.58.0-2ubuntu3.9,swh:1:dir:55ad8111024cfa98c877dbe3635d4e54b8007566
ubuntu,libpam-systemd,237-3ubuntu10.41,swh:1:dir:6197fd2ec4707e28669f803f492a781785f9d34d
ubuntu,libfcgi-perl,0.78-2build1,swh:1:dir:9ca98b03b3a5be3bb57e0b9d4987604e832ff17c
ubuntu,libdbus-1-3,1.12.2-1ubuntu1.2,swh:1:dir:fc5f4c61ecb8d21af3141b832e776e4e36f51470
debian,libsmartcols1,2.29.2-1+deb9u1,swh:1:dir:726b78b92e3809d74cd1437dd51e373607bdd8ad
debian,libdrm-dev,2.4.74-1,swh:1:dir:9f4ec9c3246435e566a6cc24a9038de5a579beda
debian,libobasis5.3-images,5.3.4.2-2,swh:1:dir:be9528c05aeb436cb268fdf6f84eb3ae72fe96af
debian,libpopt0,1.16-10+b2,swh:1:dir:71145c52a0558c5d0325ee708bae5d9a3b8e4e28
debian,nano,2.7.4-1,swh:1:dir:c7a01e9dd160dfcb8cbd46f62294f7313c378e12
debian,libfontforge2,1:20161005~dfsg-4+deb9u1,swh:1:dir:13ed4b595bf2d54d6fbcf5195778e489cbfa1da1
debian,dblatex-doc,0.3.9-3,swh:1:dir:ada3e7a9cdd1661d9befe815c7bc63697e07d814
debian,python3-urllib3,1.19.1-1,swh:1:dir:55b2fbdb3b8fd5c7829c1dd31421dc36adb2bf89
debian,libdevmapper-dev,2:1.02.137-2,swh:1:dir:7bf7e0b70ecd341d21a9e88053a11b0e8e4a09db
debian,libxcomposite-dev,1:0.4.4-2,swh:1:dir:f56d004ff1ba76d8204d1b1c33eadad8c3731fb1
debian,libc-l10n,2.24-11+deb9u4,swh:1:dir:f04db534a4b40783360cc4bd42f37e15dad37bfd
debian,readline-common,7.0-3,swh:1:dir:3095b784e901836ca66e3fdb0b5f3bb666d5f018
debian,libqt5clucene5,5.7.1-1,swh:1:dir:87968b084fbb193b29b13b35e6f0a906b3042d6d
ubuntu,python3-zope.interface,4.3.2-1build2,swh:1:dir:633d00d30c9db424f6a45eb5ecb9cb82f38f7529
debian,gcc-4.8-base,4.8.4-1,swh:1:dir:092486dd2ad6dc75d28590f63357eb64790eafb5
debian,libhunspell-1.4-0,1.4.1-2+b2,swh:1:dir:bbdb24cdac1551d7d993be29066f9f2cf7d5a7dc
debian,libjbig0,2.1-3.1+b2,swh:1:dir:a793aed92544bf10d4b165c23a4bb578eb9ee134
debian,libgles1-mesa-dev,13.0.6-1+b2,swh:1:dir:18fb39f3821d80388eb01f24efcde508a5a22a74
ubuntu,dns-root-data,2018013001,swh:1:dir:d8c8f15589b473cedc78cffbddb818b5533b1c10
debian,libavresample3,7:3.2.14-1~deb9u1,swh:1:dir:085de4bd8865a7e8540c32a9243afcc364d1c5aa
ubuntu,linux-modules-5.3.0-26-generic,5.3.0-26.28~18.04.1,swh:1:dir:988b8d8164b3964a6b4da5b74e776ab82e02b32c
debian,libavfilter6,7:3.2.14-1~deb9u1,swh:1:dir:085de4bd8865a7e8540c32a9243afcc364d1c5aa
ubuntu,sudo,1.8.21p2-3ubuntu1.2,swh:1:dir:84b2ab2a3c344f384267def18c4b80e9ac5082ac
debian,libzltext0.12,0.12.10dfsg-9.1+b1,swh:1:dir:6925d9bbc60370f4c466169c96491b0e08ff88b9
ubuntu,libc6-dev,2.27-3ubuntu1,swh:1:dir:22cb79e66f368b54b876d305c576f6b7af4b37bf
debian,libgupnp-1.0-4,1.0.1-1,swh:1:dir:267f2168cb8e328f0c453770aaba61a416f2cc66
debian,libllvm3.5,1:3.5-10,swh:1:dir:99a33a86e5dc0d2569f87774a5f0eb63d46de4e9
debian,i3lock,2.8-1,swh:1:dir:3c32d94005d6768da82844ace5b37d69152783de
ubuntu,libgeoip1,1.6.12-1,swh:1:dir:a1e0b7d6652f664b44981eb8827cd0a54f5ad785
debian,mosh,1.2.6-1+b2,swh:1:dir:2ce3cd603399f70981d58988f5ac6ef103975356
debian,equivs,2.0.9+nmu1,swh:1:dir:e0a5241b61b79ea800a17ba05704f17baed13567
debian,libselinux1-dev,2.6-3+b3,swh:1:dir:82e9ae450b493c1fadac53bd6cbfe0657b71f722
debian,libx11-dev,2:1.6.4-3+deb9u1,swh:1:dir:56f66cce36d99cd6a52ff9ff3eae47f8b1865b74
ubuntu,zlib1g,1:1.2.11.dfsg-0ubuntu2,swh:1:dir:ae17db15bf5816cd92eb77611c0d4a7bafb1b8de
debian,libqt4-designer,4:4.8.7+dfsg-11,swh:1:dir:96697ee08e13d2823db56f2404f25d5c31d4e2a0
debian,libgraphviz-dev,2.38.0-17,swh:1:dir:a1316aee79b47201079d36f6240c368a98afa19e
debian,libgd3,2.2.4-2+deb9u5,swh:1:dir:0c377301f32033085915ccc1701b3c0e7f97a0b7
debian,x11proto-gl-dev,1.4.17-1,swh:1:dir:1ce10a5ab6ae02a90048c8998214ee14be281ab3
debian,x11proto-scrnsaver-dev,1.2.2-1,swh:1:dir:0a1c3c11c9432b118b609796d4b4c261894142f4
debian,gstreamer1.0-x,1.10.4-1+deb9u1,swh:1:dir:a64ae2db408f11b82f339bd91ba7becdc78bb98a
ubuntu,openjdk-11-jre-headless,11.0.7+10-2ubuntu2~18.04,swh:1:dir:6b8c17f706b25356be117ab64d28137328fd9644
ubuntu,libavahi-common-data,0.7-3.1ubuntu1.2,swh:1:dir:c65af1251b862117281b43de11c75c928ca0acdf
debian,libxaw7,2:1.0.13-1+b2,swh:1:dir:5768247d53ee868fb3dc60d48e7897fa9ce0201b
ubuntu,hostname,3.20,swh:1:dir:c5b4e36f3c4b3d61f6e8084bcf362200f53f8021
debian,libxcb-icccm4,0.4.1-1,swh:1:dir:e3f6e50a4c9c401c70204bdfbc93384196d7b7f5
debian,xfstt,1.9.3-1,swh:1:dir:ecaa9cf643428d7621dc6a88cc931d91bfcb224b
debian,libgc-dev,1:7.4.2-8,swh:1:dir:094455ccc1962ca706502412b77d4e1d49545bba
ubuntu,linux-image-5.3.0-61-generic,5.3.0-61.55~18.04.1,swh:1:dir:52a377f1738da74986c39f67c3d7a305c80cafbe
debian,libgnutls30,3.5.8-5+deb9u4,swh:1:dir:b7ac6ca60cb5eb66219e69a6dc72b0cbaed0e43c
debian,libapt-inst1.5,1.0.9.8.4,swh:1:dir:e511fec46be8b258dff3596887adc9f6f459299c
debian,unar,1.10.1-1+b1,swh:1:dir:f5a5e8cdb4f3e2c1a9d8c240b518b39d83e1c8e9
debian,libfs-dev,2:1.0.7-1+b2,swh:1:dir:9bfaac03aaa3f41bfb7f88255376fb0cd65e1af0
debian,librsvg2-common,2.40.16-1+b1,swh:1:dir:8c5ddc6f7c5c87d5f66efcf09265a89494868458
debian,libmpcdec6,2:0.1~r495-1+b1,swh:1:dir:9ffd84c03c16b4016a40d558d3525000daba0299
ubuntu,linux-modules-5.0.0-31-generic,5.0.0-31.33~18.04.1,swh:1:dir:988b8d8164b3964a6b4da5b74e776ab82e02b32c
ubuntu,libxslt1.1,1.1.29-5ubuntu0.2,swh:1:dir:4cf278170682f558697b05a1129bad3dd6b4c582
ubuntu,libxi6,2:1.7.9-1,swh:1:dir:3be8667ca048799b3fd20de339584809089cafb7
ubuntu,python3-httplib2,0.9.2+dfsg-1ubuntu0.1,swh:1:dir:92754a887e867948254fe127ce3c75359c3014b8
debian,libatomic1,6.3.0-18+deb9u1,swh:1:dir:b10b6bb8450fef0f8f623c9086fc12494b8b9f42
debian,libwebp5,0.4.1-1.2+b2,swh:1:dir:90b7527fb880e8688ee4a9d27b7fb024918ae4bf
debian,libestr0,0.1.10-2,swh:1:dir:cf66129021c35421d25fba47df50301f6335b6a6
debian,libxft2,2.3.2-1+b2,swh:1:dir:c4646dab2dbfbd7e68f8e534c1478469b04d9686
debian,libssl1.0.0,1.0.1t-1+deb8u6,swh:1:dir:df3732ca53d63d4a476c738b4d4c6b3ca599a9c1
debian,libio-socket-ssl-perl,2.044-1,swh:1:dir:aae91111110dba9654bd53314963f1e7a18fee9f
debian,libfdisk1,2.29.2-1+deb9u1,swh:1:dir:726b78b92e3809d74cd1437dd51e373607bdd8ad
ubuntu,libntfs-3g88,1:2017.3.23-2ubuntu0.18.04.2,swh:1:dir:6f61020bbd66f9ace25b6132ca63c16675271a22
ubuntu,python3,3.6.7-1~18.04,swh:1:dir:7cae6c5e77b7425d10484312f89f6e095d93ff80
ubuntu,libhtml-parser-perl,3.72-3build1,swh:1:dir:b6e803189472c6624cf19b8db44c6271fa1cba14
debian,libxinerama1,2:1.1.3-1+b3,swh:1:dir:8d0622ff7e222c932866e154c9868f6c312190bf
ubuntu,libjsoncpp1,1.7.4-3,swh:1:dir:c3cdf0c548f652193a0c3a774d2cff5e45e40088
ubuntu,libgnutls30,3.5.18-1ubuntu1.3,swh:1:dir:0c6462a66103ac5e6e96af0c1a1986b8c1ec576e
debian,libgtk-3-common,3.22.11-1,swh:1:dir:da4b173bc1e67d38acbdc97b98c4ba5d1c907db3
debian,libgdbm3,1.8.3-14,swh:1:dir:112c5d4b43f178cd7d76d7f88ec82d3665c5b23b
debian,ledger,3.1.2~pre1+g3a00e1c+dfsg1-2+b1,swh:1:dir:a4a9a0baed1215d69cb041679b61d9b36263c2b2
debian,libxkbfile1,1:1.0.9-2,swh:1:dir:480b0728aba3f15ee8ad07ae9024bff9fd4c71aa
ubuntu,mawk,1.3.3-17ubuntu3,swh:1:dir:9cd11fd90c9b3adee3411c24db4f57b23c65d42b
debian,mesa-utils,8.3.0-3,swh:1:dir:16f7aa7a8fba0bca5f8d8cbb90f49ffd8701a7b2
ubuntu,systemd,237-3ubuntu10.41,swh:1:dir:6197fd2ec4707e28669f803f492a781785f9d34d
ubuntu,libudev1,237-3ubuntu10.41,swh:1:dir:6197fd2ec4707e28669f803f492a781785f9d34d
ubuntu,libsasl2-modules-db,2.1.27~101-g0780600+dfsg-3ubuntu2.1,swh:1:dir:0889d30dd9ea5a5c69ead28e58dd04cedd87f442
debian,fontforge-common,1:20161005~dfsg-4+deb9u1,swh:1:dir:13ed4b595bf2d54d6fbcf5195778e489cbfa1da1
debian,gfortran-6,6.3.0-18+deb9u1,swh:1:dir:b10b6bb8450fef0f8f623c9086fc12494b8b9f42
ubuntu,gcc,4:7.4.0-1ubuntu2.3,swh:1:dir:478d5ce963dc6eb2fbc61072f31c320e2741957a
ubuntu,run-one,1.17-0ubuntu1,swh:1:dir:f408ba697266c9b7f8455d42e30ca1044857477d
ubuntu,libclass-accessor-perl,0.51-1,swh:1:dir:6c6058bef02f6ff1e8b6485975d35f0e56fa1ea0
debian,util-linux-locales,2.29.2-1+deb9u1,swh:1:dir:726b78b92e3809d74cd1437dd51e373607bdd8ad
debian,libdbusmenu-gtk3-4,12.10.2-2,swh:1:dir:8f28e748491014e1bfd762693e58f40d9f4e20a0
ubuntu,libapt-inst2.0,1.6.12ubuntu0.1,swh:1:dir:87427f14ed2a85fbbc52ed06d2d388bca88ea55b
debian,x11proto-dmx-dev,1:2.3.1-2,swh:1:dir:43493376940c69cda60c8a5f5ae60b30616be733
debian,libubsan0,6.3.0-18+deb9u1,swh:1:dir:b10b6bb8450fef0f8f623c9086fc12494b8b9f42
ubuntu,diffutils,1:3.6-1,swh:1:dir:fb2a37641056ef1ac2e31e4ffd85404857c6e213
debian,x11proto-render-dev,2:0.11.1-2,swh:1:dir:8a9d816eef2f10265975c3b2cb9777dbe3945c7b
debian,libiptc0,1.6.0+snapshot20161117-6,swh:1:dir:f99a366f5c19a4a7cdc6d55c9c3fc44577ba3fe9
debian,python-html5lib,0.999999999-1,swh:1:dir:9652e8ad4ddfe52f519ef7b44bc4cec927c62d84
ubuntu,networkd-dispatcher,1.7-0ubuntu3.3,swh:1:dir:2d4bd95a15e7d92b0c2804eeb55a38ddb7a1847f
debian,ssl-cert,1.0.39,swh:1:dir:097bba82345acd03f803e31273b11da969bfdc0a
debian,python-dbus,1.2.4-1+b1,swh:1:dir:9cd0660755353de051d3b7330ab38850d0b84ba5
debian,libmount1,2.29.2-1+deb9u1,swh:1:dir:726b78b92e3809d74cd1437dd51e373607bdd8ad
debian,libmono-corlib4.5-cil,4.6.2.7+dfsg-1,swh:1:dir:0337be756fcbe9327bf59c5cd32b97830e537183
debian,libdebconfclient0,0.227,swh:1:dir:96d40d884fcc7f40358f473fb36bedf8ab5336fa
debian,x11proto-dri3-dev,1.0-1,swh:1:dir:ef7ee7ae00283838266cc3319aeeebba1abb010e
ubuntu,libubsan0,7.5.0-3ubuntu1~18.04,swh:1:dir:1c05dc7c4afc412096a0cf418dfc5acd9e415b57
ubuntu,linux-image-5.3.0-46-generic,5.3.0-46.38~18.04.1,swh:1:dir:52a377f1738da74986c39f67c3d7a305c80cafbe
debian,libjbig2dec0,0.13-4.1,swh:1:dir:861ba274e24c548983a9cb5f35587bd0d7175d0e
debian,mono-runtime-common,4.6.2.7+dfsg-1,swh:1:dir:0337be756fcbe9327bf59c5cd32b97830e537183
debian,libobasis6.0-core,6.0.5.2-2,swh:1:dir:be9528c05aeb436cb268fdf6f84eb3ae72fe96af
debian,libselinux1,2.6-3+b3,swh:1:dir:82e9ae450b493c1fadac53bd6cbfe0657b71f722
debian,dbus-x11,1.10.28-0+deb9u1,swh:1:dir:6ed4c174f092af7c84da0ba52f119f836d301119
debian,libtsan0,6.3.0-18+deb9u1,swh:1:dir:b10b6bb8450fef0f8f623c9086fc12494b8b9f42
debian,libxcb-randr0-dev,1.12-1,swh:1:dir:745caaf63945d5ca3afe7a3ce3583962afc1f262
ubuntu,libarchive13,3.2.2-3.1ubuntu0.6,swh:1:dir:b730cd212f6a25f3d6579937dc9d18d649fa5129
debian,libvo-aacenc0,0.1.3-1,swh:1:dir:b2a628e878dbc8f38814e894d3810e525290cf9b
debian,linux-image-3.16.0-4-amd64,3.16.39-1+deb8u2,swh:1:dir:42741ff8e3ac14a6df2f21aae1f995d395044b05
debian,man-db,2.7.6.1-2,swh:1:dir:57e48a45ab03c2ef6ac03e33b33d479742c5992a
ubuntu,squashfs-tools,1:4.3-6ubuntu0.18.04.1,swh:1:dir:e5ba4fb6c8b480edab42f32ee72ceab3cc7582b8
ubuntu,libstdc++-7-dev,7.5.0-3ubuntu1~18.04,swh:1:dir:1c05dc7c4afc412096a0cf418dfc5acd9e415b57
debian,libdbusmenu-gtk4,12.10.2-2,swh:1:dir:8f28e748491014e1bfd762693e58f40d9f4e20a0
debian,libxres-dev,2:1.0.7-1+b3,swh:1:dir:c7aa62485e91134790d9b7d5e7778c8e2aef28c3
debian,po-debconf,1.0.20,swh:1:dir:75bb906e06af4e95165db5b161d7e46669c42722
debian,libunwind8,1.1-4.1,swh:1:dir:0e2fcd593ee42cbde2c8a97af262e9219104bb26
debian,ruby2.3,2.3.3-1+deb9u7,swh:1:dir:4ecb6be0624e86cea027735c05dbb4965203d1ce
debian,libtokyocabinet9,1.4.48-11+b1,swh:1:dir:f333fe01fbcad25cfd193510f67b578b6de92105
ubuntu,linux-modules-extra-5.3.0-45-generic,5.3.0-45.37~18.04.1,swh:1:dir:988b8d8164b3964a6b4da5b74e776ab82e02b32c
ubuntu,telnet,0.17-41,swh:1:dir:ba5f5f4723cd735f17213a71cfc3702bc79bf643
debian,libcc1-0,6.3.0-18+deb9u1,swh:1:dir:b10b6bb8450fef0f8f623c9086fc12494b8b9f42
debian,python-ipaddress,1.0.17-1,swh:1:dir:ac6f26dbec6d455a86f79e42a5e96d9b998d3673
ubuntu,liblwres160,1:9.11.3+dfsg-1ubuntu1.12,swh:1:dir:882614b2f02ab5f03af61ec07bf12068ebc5e66a
debian,libimage-magick-q16-perl,8:6.9.7.4+dfsg-11+deb9u8,swh:1:dir:6bbc153bc8bf9caed2cc1af0df6628529fd5e388
debian,librtmp1,2.4+20151223.gitfa8646d.1-1+b1,swh:1:dir:dffbc4e23d0bbc3049b212a207e40c0805b53f1b
ubuntu,distro-info-data,0.37ubuntu0.7,swh:1:dir:39d91647a608fd2437fe909b5c0e11a7aa3692b3
debian,libcap2,1:2.25-1,swh:1:dir:1a014dd9fd22d72b10a2899ccab967cf8f8f7620
debian,x11proto-input-dev,2.3.2-1,swh:1:dir:d8b840bda63792de0cbf84f791146589488d849a
debian,xfonts-75dpi,1:1.0.4+nmu1,swh:1:dir:718b447db3e8ba76bd637a96c2444d905f059933
debian,libxml-twig-perl,1:3.50-1,swh:1:dir:1826c49d74a6999d01817c282e7be250e39f779e
debian,libmagickwand-6.q16-3,8:6.9.7.4+dfsg-11+deb9u8,swh:1:dir:6bbc153bc8bf9caed2cc1af0df6628529fd5e388
debian,x11proto-fonts-dev,2.1.3-1,swh:1:dir:18a6145d7e1483c8bb22abc621209cbfa577a65c
debian,python-gtk2,2.24.0-5.1,swh:1:dir:e6e845ea520b52da21c8d71071bcc13a1f2b4a8e
debian,libfile-fcntllock-perl,0.22-3+b2,swh:1:dir:1215866a367b3d077c94d83abf0f9ff8c23fd7f3
ubuntu,openssh-client,1:7.6p1-4ubuntu0.3,swh:1:dir:434311c0200ce908bdaf84eee0f0d29cc9361dcf
ubuntu,libpcre3,2:8.39-9,swh:1:dir:2ec208c9c78b6841fb9fc6bf5c89939c37cbd765
debian,libfontbox-java,1:1.8.12-1,swh:1:dir:371ce6165cde6223eaf32c74e273570bad0ec628
debian,xz-utils,5.2.2-1.2+b1,swh:1:dir:0befcbec644a3b3e73d6f983885f093281e9942d
debian,libavalon-framework-java,4.2.0-9,swh:1:dir:a23ef7051e45aa948f75d11dba0e9f2053d828d4
debian,autotools-dev,20161112.1,swh:1:dir:54116d9453a7dc70949a26374c6d13c9eea3318d
ubuntu,groff-base,1.22.3-10,swh:1:dir:7e58944b8aa8113f77a62a9ca57ec91fc8c1e8f1
debian,xserver-xorg-legacy,2:1.19.2-1+deb9u5,swh:1:dir:83dfa18af6ccc916cbd120a564319db259c4bfa2
debian,libxxf86dga1,2:1.1.4-1+b3,swh:1:dir:f9e706a931c517f342d7cf40f1b36d5686c7cd20
debian,libisccfg-export90,1:9.9.5.dfsg-9+deb8u10,swh:1:dir:ba72a41437d77152b35a7d265ca6bff2180a20f1
debian,libobasis5.3-pyuno,5.3.4.2-2,swh:1:dir:be9528c05aeb436cb268fdf6f84eb3ae72fe96af
debian,dnsutils,1:9.10.3.dfsg.P4-12.3+deb9u6,swh:1:dir:ba72a41437d77152b35a7d265ca6bff2180a20f1
debian,libpam-modules-bin,1.1.8-3.6,swh:1:dir:f0fb8fdccffbb827b5b3d2efd86169463605cb89
ubuntu,libxcb1,1.13-2~ubuntu18.04,swh:1:dir:798807c80fbaf1c0e7bed7cf47717faa51de2947
debian,g++,4:6.3.0-4,swh:1:dir:092486dd2ad6dc75d28590f63357eb64790eafb5
ubuntu,libio-html-perl,1.001-1,swh:1:dir:e9d71339995ee88334392fbabe1b56d37ee1d1ed
debian,libatspi2.0-0,2.22.0-6+deb9u1,swh:1:dir:c516116bcbd2898ba1e7b71602f992281489f4e4
debian,libxxf86dga-dev,2:1.1.4-1+b3,swh:1:dir:f9e706a931c517f342d7cf40f1b36d5686c7cd20
debian,libncurses5,6.0+20161126-1+deb9u2,swh:1:dir:144b0df8a64d3677989d30a7a5003c7e32703b64
debian,libcairo-script-interpreter2,1.14.8-1,swh:1:dir:2710df1e5a22f4411ffdd356d7f67656d35715d5
ubuntu,amd64-microcode,3.20191021.1+really3.20181128.1~ubuntu0.18.04.1,swh:1:dir:9fc34291b790c15133ce388b25a18348c864e1ab
ubuntu,libgts-bin,0.7.6+darcs121130-4,swh:1:dir:822a99dbf57a109ce62236622b9d28bd80397e72
ubuntu,python3-jsonpatch,1.19+really1.16-1fakesync1,swh:1:dir:11d2d35f7a8c23fdce40795dbd9babf76968cd3b
debian,libgomp1,6.3.0-18+deb9u1,swh:1:dir:b10b6bb8450fef0f8f623c9086fc12494b8b9f42
debian,gzip,1.6-5+b1,swh:1:dir:a2cc22ed400b2ef4450282242bca8c051139a3d5
debian,libsepol1-dev,2.6-2,swh:1:dir:ec0c6b190e44e8d22402891cf9594a8c2c8a4a84
debian,libpangox-1.0-0,0.0.2-5+b2,swh:1:dir:2cc317910e3fd6f7159f7d7883a209f981fa2e98
debian,sed,4.4-1,swh:1:dir:5a114b1ad360c6a184b6f424e5a755ec5367c009
ubuntu,initramfs-tools-bin,0.130ubuntu3.9,swh:1:dir:74b4ab1e8784161ad23ab3018cedb2c4e242eb0e
debian,libinput-bin,1.6.3-1,swh:1:dir:c9d518d488b9e352ceef07a99f8c075de1b1f9de
debian,libxfont-dev,1:2.0.1-3+deb9u1,swh:1:dir:c8c4af2d34da45eb07788e36be72ee8c42199f5f
debian,postgresql-9.6,9.6.17-0+deb9u1,swh:1:dir:16cb1b8f72af007f25c5e7d82600cf979ba82335
ubuntu,wireless-regdb,2018.05.09-0ubuntu1~18.04.1,swh:1:dir:91e4131cdc6639b6fb130b4af7ae98f555b0ffae
debian,libpaper-utils,1.1.24+nmu5,swh:1:dir:26b880b23a7d7932a42974b8c0b491686f8e786e
debian,libobasis5.3-graphicfilter,5.3.4.2-2,swh:1:dir:be9528c05aeb436cb268fdf6f84eb3ae72fe96af
ubuntu,x11-common,1:7.7+19ubuntu7.1,swh:1:dir:c8badc8868e793fcf16c66393f6e856cd02169bb
debian,libreoffice5.3-en-us,5.3.4.2-2,swh:1:dir:3095b784e901836ca66e3fdb0b5f3bb666d5f018
debian,libfakeroot,1.21-3.1,swh:1:dir:46af556dda5377bcb598c9abaf1adb455c0ebc88
debian,libghc-pandoc-citeproc-data,0.10.2.2-1,swh:1:dir:76f4ec0f4684c986a7424512e7d4cf0225e6455f
ubuntu,libssl-dev,1.1.1-1ubuntu2.1~18.04.6,swh:1:dir:b94532cd88fde32de47d0ad69d7c733f0b24c415
debian,libgcc-4.9-dev,4.9.2-10,swh:1:dir:094455ccc1962ca706502412b77d4e1d49545bba
debian,libk5crypto3,1.15-1+deb9u1,swh:1:dir:48a343801882bdf13c066be2b59dc6dd5decddc2
debian,insserv,1.14.0-5.4+b1,swh:1:dir:5fb933618c3afc9bdbea5cc824ba2243157f2ab8
ubuntu,sensible-utils,0.0.12,swh:1:dir:6f2ec23644e85ba2ccf67ace35e2f05c21e42e8f
debian,libkrb5-3,1.15-1+deb9u1,swh:1:dir:48a343801882bdf13c066be2b59dc6dd5decddc2
debian,libxpm4,1:3.5.12-1,swh:1:dir:14a8342fc601f3ad40991563da1883de2ad23752
ubuntu,libsigc++-2.0-0v5,2.10.0-2,swh:1:dir:785e72b38e0d9215684ff4e228d1324fe56f67a6
debian,libprotobuf-c1,1.2.1-2,swh:1:dir:eb652116c35e68bc77ddd478ac02e3ab7edc0688
debian,libilmbase12,2.2.0-12,swh:1:dir:06193e9e5719e1a58d7c5d7b125af120eae4d1dd
ubuntu,libnfnetlink0,1.0.1-3,swh:1:dir:c6ed0e7cfcf22db8f04684e32e7927258ed0d269
debian,uil,2.3.4-13,swh:1:dir:47b2e381df21282f3305b65e8d3c95b8ccd46248
debian,libxcb-xkb1,1.12-1,swh:1:dir:745caaf63945d5ca3afe7a3ce3583962afc1f262
debian,libobasis5.3-en-us-base,5.3.4.2-2,swh:1:dir:be9528c05aeb436cb268fdf6f84eb3ae72fe96af
debian,pidgin,2.12.0-1,swh:1:dir:63ac0395cf8c37f5dcb1d88385ee99a1739c3647
ubuntu,grub-common,2.02-2ubuntu8.15,swh:1:dir:d16fad91d791e11a6e41eea6376dfce091051bdf
ubuntu,apparmor,2.12-4ubuntu5.1,swh:1:dir:5ad58253f744510ba21876c5b3f5d71ca322c536
debian,python3-debianbts,2.6.1,swh:1:dir:a86027aae20f425cd285fc2afbaa0549c5d0aed6
ubuntu,libgdbm-compat4,1.14.1-6,swh:1:dir:d7636ac5a8cb98d45011ca0946d1cdac546e888d
debian,libhtml-tree-perl,5.03-2,swh:1:dir:297af442c8608a2ed0ce0f1184198855be10b3b4
ubuntu,multiarch-support,2.27-3ubuntu1,swh:1:dir:22cb79e66f368b54b876d305c576f6b7af4b37bf
debian,libxi6,2:1.7.9-1,swh:1:dir:3be8667ca048799b3fd20de339584809089cafb7
debian,libxtst6,2:1.2.3-1,swh:1:dir:a2d549095e24c56722225d00a1950ea93766db02
debian,python3-pycurl,7.43.0-2,swh:1:dir:68af2bb929c01c50650addf69f335535f60bd110
debian,ruby-did-you-mean,1.0.0-2,swh:1:dir:d05039cfc54b38ea8c32f4c551bdf89fbce0b39e
ubuntu,libmpdec2,2.4.2-1ubuntu1,swh:1:dir:eb58ea31b3b1f2e4050399d51190bb22e6ed388a
debian,python-openssl,16.2.0-1,swh:1:dir:8eebb19670a08ae51f196298d97941486d690e34
debian,gfortran,4:6.3.0-4,swh:1:dir:092486dd2ad6dc75d28590f63357eb64790eafb5
debian,m4,1.4.18-1,swh:1:dir:8fb3405262d659bffc4dfbb9d15b63337eb0b39a
debian,libobasis5.3-ooolinguistic,5.3.4.2-2,swh:1:dir:be9528c05aeb436cb268fdf6f84eb3ae72fe96af
debian,libffi6,3.2.1-6,swh:1:dir:8dbd0f5b6773a24fbafbc3d3afacd14d913f501d
debian,rake,10.5.0-2,swh:1:dir:ac1e1fbe962cbfe357d403e902918c7b001a7202
debian,libprocps3,2:3.3.9-9,swh:1:dir:2591c9c58ac71e2aabdcd4ab474715c6e8233e4e
ubuntu,file,1:5.32-2ubuntu0.4,swh:1:dir:a252abd00257d436ca177cead9d835f3f14b8c3a
debian,firmware-linux-free,3.4,swh:1:dir:6626ad31b94ddb2c1f28eeca287c3f83f019c0c6
debian,libobasis6.0-calc,6.0.5.2-2,swh:1:dir:be9528c05aeb436cb268fdf6f84eb3ae72fe96af
ubuntu,libpci3,1:3.5.2-1ubuntu1.1,swh:1:dir:e72938004abd99c50a27667c1319613f16df2cfb
debian,libgraphite2-dev,1.3.10-1,swh:1:dir:a982fdf737367423e72d254f34a880709088983e
debian,libqt5core5a,5.7.1+dfsg-3+deb9u2,swh:1:dir:4cf9a8b87cdf3ae5923042e21d624741812aa3be
debian,perl-tk,1:804.033-1+b3,swh:1:dir:8a6a871891e937983e58c232a2cd960b9fc08610
debian,base-passwd,3.5.43,swh:1:dir:b5148facbee8bea15c5360e9986e498e5a448c23
ubuntu,libzstd1,1.3.3+dfsg-2ubuntu1.1,swh:1:dir:2bb86c549dfdc01f21184157a6b16e27dc937e52
debian,djvulibre-desktop,3.5.27.1-7,swh:1:dir:fcbc0495559fd29bfb928bdeb28b5d1c9ab0fed3
debian,netcat-traditional,1.10-41+b1,swh:1:dir:781613d2d6e2523e3b4f71d76ce20be39538f1f1
debian,libcups2,2.2.1-8+deb9u5,swh:1:dir:ffcf70ff6066a779383120cbb4813ac0acfca8f8
debian,libxcb1,1.12-1,swh:1:dir:745caaf63945d5ca3afe7a3ce3583962afc1f262
ubuntu,m4,1.4.18-1,swh:1:dir:8fb3405262d659bffc4dfbb9d15b63337eb0b39a
debian,libcwidget3v5,0.5.17-4+b1,swh:1:dir:48c7a4623d952d7f114bbb221237dc232dd11b10
debian,libpolkit-agent-1-0,0.105-18+deb9u1,swh:1:dir:42dadd81ec51223f0888640d97a3e14a81d60442
debian,exim4-daemon-light,4.89-2+deb9u7,swh:1:dir:22be5b34ba95a57829e04336db8e3ce1f4c8fe4d
ubuntu,libncurses5,6.1-1ubuntu1.18.04,swh:1:dir:bcb30bb5cf5e481ede78486696f81e709cd9af5d
debian,libobasis6.0-draw,6.0.5.2-2,swh:1:dir:be9528c05aeb436cb268fdf6f84eb3ae72fe96af
ubuntu,libcgi-pm-perl,4.38-1,swh:1:dir:94d165410a47a2f1638f89745b5de2243b577c77
debian,libnet-ssleay-perl,1.80-1,swh:1:dir:d1afceafe263a7166e07bd6370a953767f1e35a9
ubuntu,libharfbuzz0b,1.7.2-1ubuntu1,swh:1:dir:8c55dd1e856e54b9ccc829fce3c33ec66b3470fc
debian,vim-tiny,2:8.0.0197-4+deb9u3,swh:1:dir:d4b3ad519adf45ef1caf7c32356be2257c15a748
debian,ttf-xfree86-nonfree,4.2.1-5,swh:1:dir:1568f4c4691656eacaf6c46419e2450c3d068222
debian,libtie-ixhash-perl,1.23-2,swh:1:dir:fb1ec0aa3921bb719940f5d18283e0f82065af1e
debian,librhino-java,1.7.7.1-1,swh:1:dir:a24109a2cbfea6ec7bd15dbe0c5625769abd73da
debian,libxft-dev,2.3.2-1+b2,swh:1:dir:c4646dab2dbfbd7e68f8e534c1478469b04d9686
debian,publicsuffix,20190415.1030-0+deb9u1,swh:1:dir:9f5ff016110135fb21f45bb02b9a54e1b8c546d5
debian,patch,2.7.5-1+deb9u2,swh:1:dir:f3217cc9c5fd78b6068cd8598ef63aedf634f2cb
debian,libnet-smtp-ssl-perl,1.04-1,swh:1:dir:c38c19cf15926d0618b1a2a18921246c6cb98878
debian,libwavpack1,5.0.0-2+deb9u2,swh:1:dir:754b3356ab10bfeda06bda7ce186b7f8619314fe
debian,sgml-data,2.0.10,swh:1:dir:7a2d876101b040463ed4e11a7267ed795f056bd0
debian,libxml-xpathengine-perl,0.13-1,swh:1:dir:8ece715fa4f686929c7ab1c1c3cd5040b398d68e
debian,python3-reportbug,7.1.7+deb9u3,swh:1:dir:18e69fd8e34b96a21736aa6c0a109b4ffa87b7d0
ubuntu,libhogweed4,3.4-1,swh:1:dir:113add74284b780e6efc17d8815f2089d1b01f34
debian,passwd,1:4.4-4.1,swh:1:dir:f680c01442c693b84ab8018b5b11de0a5b3d3a32
debian,apt-listchanges,3.10,swh:1:dir:9604f37f8b0f71b794fd86c6651f0d217dcecde6
debian,psmisc,22.21-2.1+b2,swh:1:dir:48452acc184b79069d21340bc98b290fa0538d30
debian,fuse,2.9.7-1+deb9u2,swh:1:dir:18e4bcd7816e6aee69b1b661e95024f3349e6e73
debian,libdpkg-perl,1.18.25,swh:1:dir:968f1082c2db82866391ab42f0a44e700de48bfe
debian,gnupg-agent,2.1.18-8~deb9u4,swh:1:dir:27f3a322e28d1c9f2a2ef9cbc542954f468f7027
ubuntu,tcl8.6,8.6.8+dfsg-3,swh:1:dir:a0e5a231cfe797131498db753fa4a754d37e83ba
debian,evemu-tools,2.6.0-0.1,swh:1:dir:473a52df4fcb124401b4e3dcf3c936cade3e3091
debian,krb5-locales,1.15-1+deb9u1,swh:1:dir:48a343801882bdf13c066be2b59dc6dd5decddc2
debian,libxerces2-java,2.11.0-7,swh:1:dir:dea4805f0415392bbcbc7f85844403f53b72b9a1
debian,dash,0.5.8-2.4,swh:1:dir:bb833441e465cef1f87fa8282406f8822c0590b0
ubuntu,libcgraph6,2.40.1-2,swh:1:dir:59e89b224e3ff3ac93dcd77cbd3828ae7f87ae2d
debian,liblz4-1,0.0~r131-2+b1,swh:1:dir:8774f6071b91f0124b97387b02fb62eeac2085e7
debian,libqt5test5,5.7.1+dfsg-3+deb9u2,swh:1:dir:4cf9a8b87cdf3ae5923042e21d624741812aa3be
ubuntu,cryptsetup-bin,2:2.0.2-1ubuntu1.1,swh:1:dir:d7ce65a330490b5f14269a70a04cbeb8f77db3bf
debian,libopencv-objdetect2.4v5,2.4.9.1+dfsg1-2,swh:1:dir:8c48d5da54dd6f953aefb1fffc6a27439fd296e3
debian,libzmq5,4.2.1-4+deb9u2,swh:1:dir:ede3ed11a4bc7a14be1fca9e97659913f53eac60
ubuntu,ca-certificates-java,20180516ubuntu1~18.04.1,swh:1:dir:2d13167cf7fc4d5aebf6242847b8ef9050baff61
debian,time,1.7-25.1+b1,swh:1:dir:aafdde88b2aae7129e55bbab1e290b9e12022b4e
debian,libwebpmux2,0.5.2-1,swh:1:dir:cfd00e010ee97a366c2a01a6ae03bc35b3a511a2
debian,libpython3.5-stdlib,3.5.3-1+deb9u1,swh:1:dir:09d850978b959c429713f8994c49aed25b71ac4d
debian,postgresql-client-9.6,9.6.17-0+deb9u1,swh:1:dir:16cb1b8f72af007f25c5e7d82600cf979ba82335
debian,code,1.46.1-1592428892,swh:1:dir:8e5c6c991abe8c7d1dc452af90907e22a1fc96be
debian,startpar,0.59-3.1,swh:1:dir:56779cee59f6c562c41bd3f3cdfde5ed3bbaebb0
ubuntu,libdevmapper-event1.02.1,2:1.02.145-4.1ubuntu3.18.04.3,swh:1:dir:1ad291f41cc430d99ced1497aa526b86892c9065
debian,hexchat,2.12.4-3,swh:1:dir:0556fe0fa1519fa96d1db86652dba094fee522b4
debian,libharfbuzz-icu0,1.4.2-1,swh:1:dir:0cd71a8d46386d404225e160d8fd2705eb094a9f
debian,libhogweed2,2.7.1-5+deb8u2,swh:1:dir:f36d52af8897298e2d2fe90559567f1e42302dd3
debian,sgmlspl,1.03ii-36,swh:1:dir:15850a820b1a8941466410ef3ab4e9d63d436f19
ubuntu,libgpg-error0,1.27-6,swh:1:dir:056b86bc17da50edfc4e0356813688f89a5ab9d8
ubuntu,bc,1.07.1-2,swh:1:dir:95d1127bd326549e6038d48fa16b8ee44bedefcf
debian,libblas-common,3.7.0-2,swh:1:dir:82711d5bb296d3e8eeaeb900cfab61fe46693888
debian,libustr-1.0-1,1.0.4-6,swh:1:dir:d4b9bd779c25356dea4a4cb4c32e57a0fc587bb6
debian,libglew2.0,2.0.0-3+b1,swh:1:dir:e3c4e5ce40f65ffba3aab722d267a59756e7377e
debian,dpkg-dev,1.18.25,swh:1:dir:968f1082c2db82866391ab42f0a44e700de48bfe
debian,adwaita-icon-theme,3.22.0-1+deb9u1,swh:1:dir:2801005f2dc7295029e7a95c62ddc7136cd41a70
debian,glib-networking-services,2.50.0-1+b1,swh:1:dir:9524e003e1eae00cc8ec6c52f8b07360c2f7f84a
debian,keyutils,1.5.9-9,swh:1:dir:fb5c2d708dd4055293ae694e0e94c5d1afd118bc
debian,libdns-export100,1:9.9.5.dfsg-9+deb8u10,swh:1:dir:ba72a41437d77152b35a7d265ca6bff2180a20f1
ubuntu,libjpeg8,8c-2ubuntu8,swh:1:dir:22d25e6319b220ca12d396ba7e5facc4ae56e924
debian,sysv-rc,2.88dsf-59.9,swh:1:dir:94a88c21d72d16e7aeca43ee4b17b3d133ef28a7
ubuntu,libatomic1,8.4.0-1ubuntu1~18.04,swh:1:dir:d49af0c20553df7786c37c2c2f91ac5808a9d6ec
debian,libsnappy1v5,1.1.3-3,swh:1:dir:3789ad0d5128e841c81a1551191bcd1c9fe35ef8
debian,lynx-common,2.8.9dev11-1,swh:1:dir:63d413bb5c64ea2d5b912065ddbbb648c78365a6
ubuntu,libfdisk1,2.31.1-0.4ubuntu3.6,swh:1:dir:219ac324d6a820363ecccef42df3a5c6bb53f289
debian,libgtkmm-3.0-1v5,3.22.0-1,swh:1:dir:f0f038b28c79739bfaf4df2ae5f2a56a6cd411eb
debian,libobasis6.1-pyuno,6.1.0.3-3,swh:1:dir:be9528c05aeb436cb268fdf6f84eb3ae72fe96af
debian,djview4,4.10.6-1,swh:1:dir:b59cc7b08721a7d459493a5285f71ce0307a1941
ubuntu,libdrm2,2.4.101-2~18.04.1,swh:1:dir:227f8dd567be578c85a00d0bded441f340b6b5c0
ubuntu,linux-modules-extra-5.3.0-62-generic,5.3.0-62.56~18.04.1,swh:1:dir:988b8d8164b3964a6b4da5b74e776ab82e02b32c
ubuntu,python3-certifi,2018.1.18-2,swh:1:dir:59c6a963077119da5952daf068648b84edab3279
debian,libcdio13,0.83-4.3+b1,swh:1:dir:ff1f3b2b13254edc74ed046499cb205cefa9a73f
ubuntu,libparted2,3.2-20ubuntu0.2,swh:1:dir:69f60f6fd06e4b2ebfb9461e72223a70ac7588e8
debian,libldb1,2:1.1.27-1+deb9u1,swh:1:dir:9bb2d58f9d4cbd8b876652d6dbb7933245408648
debian,x11proto-core-dev,7.0.31-1,swh:1:dir:275c5b8d33be741fdc0005ea179cbcdd42445ee4
debian,libtiff5-dev,4.0.8-2+deb9u5,swh:1:dir:11ac4c1d9ec5e17d538643c1c9dd2fc1204d209e
ubuntu,libgpm2,1.20.7-5,swh:1:dir:7ae162f1dba0694a7984c38d9c34bce8aedbdb4c
debian,libdca0,0.0.5-10,swh:1:dir:9ef08b39d96b7fe2797640583c8653fff897c492
ubuntu,python3-automat,0.6.0-1,swh:1:dir:03ac1eabed84a0d494218786458885f211653384
debian,x11proto-fixes-dev,1:5.0-2,swh:1:dir:5d1715bbb84db89d184223d42574895fceebc1ad
debian,libdns162,1:9.10.3.dfsg.P4-12.3+deb9u6,swh:1:dir:ba72a41437d77152b35a7d265ca6bff2180a20f1
debian,apt,1.4.10,swh:1:dir:e511fec46be8b258dff3596887adc9f6f459299c
debian,traceroute,1:2.1.0-2,swh:1:dir:16b7d93dd24d1ea26b14301d0498b964201303c6
debian,libblkid1,2.29.2-1+deb9u1,swh:1:dir:726b78b92e3809d74cd1437dd51e373607bdd8ad
debian,libxcb-present-dev,1.12-1,swh:1:dir:745caaf63945d5ca3afe7a3ce3583962afc1f262
debian,libvpx4,1.6.1-3+deb9u2,swh:1:dir:f1dd908cedf8f96283fc86a760bd7d2fd8c3884e
debian,libwmf-bin,0.2.8.4-10.6,swh:1:dir:29caeb31b6c0c35dc47d0399e80eb8d8d75f2857
debian,libcups2-dev,2.2.1-8+deb9u5,swh:1:dir:ffcf70ff6066a779383120cbb4813ac0acfca8f8
ubuntu,libdevmapper1.02.1,2:1.02.145-4.1ubuntu3.18.04.3,swh:1:dir:1ad291f41cc430d99ced1497aa526b86892c9065
debian,bsd-mailx,8.1.2-0.20160123cvs-4,swh:1:dir:6380bfb05341b67d3beabc52b9e293a014d3cc4d
ubuntu,pinentry-curses,1.1.0-1,swh:1:dir:a19cda64f787a682211e001d668176398f544e74
debian,libboost-regex1.62.0,1.62.0+dfsg-4,swh:1:dir:c31773045a388de5de3ffc831aa3b9923f305efc
debian,libwayland-client0,1.12.0-1+deb9u1,swh:1:dir:7ae99977dfa91080724f154bc6d6c8132b3369ac
ubuntu,git,1:2.17.1-1ubuntu0.7,swh:1:dir:5ce499343e937249b3bcf34bb75ead41742340b2
ubuntu,iptables-persistent,1.0.4+nmu2ubuntu1,swh:1:dir:3ecbe1b7d521cef1f7f28f6b4062e718d9c288e3
debian,xxd,2:8.0.0197-4+deb9u3,swh:1:dir:d4b3ad519adf45ef1caf7c32356be2257c15a748
debian,gir1.2-glib-2.0,1.50.0-1+b1,swh:1:dir:e5668e4fbee5fcde656b4fa6a6d654d3a0edd46f
debian,hexchat-common,2.12.4-3,swh:1:dir:0556fe0fa1519fa96d1db86652dba094fee522b4
debian,laptop-detect,0.13.8,swh:1:dir:2b38937918ff48468d9ce2df2812d5538b178592
debian,xmlto,0.0.28-1,swh:1:dir:f3b6ca24ff0d6293259eb295e3879d78f59970a5
ubuntu,uuid-runtime,2.31.1-0.4ubuntu3.6,swh:1:dir:219ac324d6a820363ecccef42df3a5c6bb53f289
ubuntu,tcl-dev,8.6.0+9,swh:1:dir:a3d6d01d73d762852f01ead3a3cd3db2c739416a
debian,libfreetype6,2.6.3-3.2+deb9u1,swh:1:dir:bc6c264557982d5812a2bb1f891d590f154a2063
ubuntu,python3-netifaces,0.10.4-0.1build4,swh:1:dir:6a7b41a067ab596c5028cc2a3629fb206fc71f86
debian,x11proto-dri2-dev,2.8-2,swh:1:dir:c0d34802fb435afd3a19cf9db0c1fe652af39394
debian,libelfg0,0.8.13-5,swh:1:dir:905a775d479581743529cb8e0c6a120d90fd9560
debian,libltdl7,2.4.6-2,swh:1:dir:98af7b7f6241228c735da3acc3c0bd9c6dabc271
debian,dpkg,1.18.25,swh:1:dir:968f1082c2db82866391ab42f0a44e700de48bfe
debian,gir1.2-atk-1.0,2.22.0-1,swh:1:dir:2488e8e45e74a7547938afdbe0cc99129b08b5e0
ubuntu,libc6,2.27-3ubuntu1,swh:1:dir:22cb79e66f368b54b876d305c576f6b7af4b37bf
debian,libcairo2,1.14.8-1,swh:1:dir:2710df1e5a22f4411ffdd356d7f67656d35715d5
debian,libpixman-1-0,0.34.0-1,swh:1:dir:da91d0dd7f786788f28ffd4f1249524c7fad1c0c
debian,hwdata,0.290-1,swh:1:dir:6da3cd7b1c3c1517d3590509cfe9e373acf7f2b9
ubuntu,manpages-dev,4.15-1,swh:1:dir:19544bea5a4e6de18f83ff70fce209d3fa3f7f70
debian,libelf1,0.168-1,swh:1:dir:905a775d479581743529cb8e0c6a120d90fd9560
ubuntu,gawk,1:4.1.4+dfsg-1build1,swh:1:dir:2ae9b986382c9d6987ddc3765f8ebf1355b5e167
ubuntu,libgirepository-1.0-1,1.56.1-1,swh:1:dir:5b0169871a9e3497404c8043684e829ca719b58e
ubuntu,libkrb5-3,1.16-2ubuntu0.1,swh:1:dir:f924dff2b731844d81fd732405b83d5919fc6edb
debian,libgs9,9.26a~dfsg-0+deb9u6,swh:1:dir:e9dbe324ed9e9c5258ad45d1f4c27e2199947c12
debian,libgtkmm-3.0-1,3.14.0-1,swh:1:dir:ed861f95d7c3c25132df698ca5b3d15723952145
debian,pandoc-citeproc,0.10.2.2-1+b2,swh:1:dir:76f4ec0f4684c986a7424512e7d4cf0225e6455f
debian,libslang2,2.3.1-5,swh:1:dir:64185ae7fa3b5373d2d68eb63d726dac030adcab
debian,libavcodec57,7:3.2.14-1~deb9u1,swh:1:dir:085de4bd8865a7e8540c32a9243afcc364d1c5aa
debian,libobasis6.0-impress,6.0.5.2-2,swh:1:dir:be9528c05aeb436cb268fdf6f84eb3ae72fe96af
ubuntu,debconf-i18n,1.5.66ubuntu1,swh:1:dir:29ffa898dcf4201e1b7e70fbaff77e0adb3bdc5c
debian,libtinfo-dev,6.0+20161126-1+deb9u2,swh:1:dir:144b0df8a64d3677989d30a7a5003c7e32703b64
debian,libmspack0,0.5-1+deb9u3,swh:1:dir:83ecb8cbb92f08d29c055601e4853f5ba09cb213
ubuntu,btrfs-tools,4.15.1-1build1,swh:1:dir:7a7b66ebb726ce733a813d1ec03533b6c8cd12ea
ubuntu,libice6,2:1.0.9-2,swh:1:dir:18b983ff4678b4cc2a9ff124c61be8747ada1385
debian,libobasis5.3-filter-data,5.3.4.2-2,swh:1:dir:be9528c05aeb436cb268fdf6f84eb3ae72fe96af
ubuntu,libbind9-160,1:9.11.3+dfsg-1ubuntu1.12,swh:1:dir:882614b2f02ab5f03af61ec07bf12068ebc5e66a
ubuntu,libgcrypt20,1.8.1-4ubuntu1.2,swh:1:dir:e5000fc2a116b97815a43dd3b28cd9466fc4f903
debian,libdvdread4,5.0.3-2,swh:1:dir:62bd53ac5c9a319d513a31846926f436bbe15adb
debian,libva-x11-1,1.7.3-2,swh:1:dir:4d394cfca6ccb3a7f7ee9807f2596acffbd3111b
debian,pinentry-gtk2,1.0.0-2,swh:1:dir:a4737368547a4444bc36ef9c1f0aed4e6989b3c1
ubuntu,cloud-initramfs-dyn-netconf,0.40ubuntu1.1,swh:1:dir:79ae5dfaedfc4b6b57fdc323b1963e8c39ecb058
debian,libindicator7,0.5.0-3+b1,swh:1:dir:8fc0f9b69eb58645c42d5d18026e75f3f1911bd8
debian,diffutils,1:3.5-3,swh:1:dir:e215aad14da25f6da9cfa6c47bbacdd855ad40e0
ubuntu,aptitude-common,0.8.10-6ubuntu1,swh:1:dir:9b6edc04ad7a28355ea9c8d1f48cc8d6cc572628
debian,libnetfilter-conntrack3,1.0.6-2,swh:1:dir:2ac511ea58e033b6a4b49570dc5296291fbd7236
debian,liblapack3,3.7.0-2,swh:1:dir:82711d5bb296d3e8eeaeb900cfab61fe46693888
ubuntu,zerofree,1.0.4-1,swh:1:dir:64d2375e580713c815e287b25544b9c9f6f00ed5
debian,python3.5,3.5.3-1+deb9u1,swh:1:dir:09d850978b959c429713f8994c49aed25b71ac4d
ubuntu,libxtables12,1.6.1-2ubuntu2,swh:1:dir:32dea11f72b1fb4d16ceefccb6b7f15e351f0ad9
ubuntu,liblab-gamut1,2.40.1-2,swh:1:dir:59e89b224e3ff3ac93dcd77cbd3828ae7f87ae2d
debian,libtag1v5,1.11.1+dfsg.1-0.1,swh:1:dir:d76ed5f9b9837286aa4948f5d0e1a29ceab056f9
debian,libxcb-xv0-dev,1.12-1,swh:1:dir:745caaf63945d5ca3afe7a3ce3583962afc1f262
debian,liblwp-mediatypes-perl,6.02-1,swh:1:dir:0c7b00bd0f8c4dc98d2492fa1c8928f08884d10c
ubuntu,libpopt0,1.16-11,swh:1:dir:b5034a50d0d57364349b96e852cc654432573294
debian,python-enum34,1.1.6-1,swh:1:dir:2d1b5f110a9b9ec99e00067a6d5839af908235ac
debian,libasprintf0c2,0.19.3-2,swh:1:dir:2f37717c6de8057641b8b43b686b7769693fefe0
debian,libgpm2,1.20.4-6.2+b1,swh:1:dir:8afe921c73f2a0b93da07b3467b9cbb44de964d4
ubuntu,gpg-agent,2.2.4-1ubuntu1.2,swh:1:dir:52ef802d5c3136126809128e408ef580b6980625
ubuntu,libpsl5,0.19.1-5build1,swh:1:dir:4617f5275b7333b910634e30984f75deb0982237
debian,python-gi,3.22.0-2,swh:1:dir:68352604151cd3f3fb78da4f681a64559e86c06a
debian,libreoffice6.1-math,6.1.0.3-3,swh:1:dir:3095b784e901836ca66e3fdb0b5f3bb666d5f018
debian,qttranslations5-l10n,5.7.1~20161021-1,swh:1:dir:900690188d56285995e57a9aa7b8f5baaaa1eeb4
debian,intltool-debian,0.35.0+20060710.4,swh:1:dir:15030e3b3e49f7fd76ba0a84ded206b1fe1c82b7
debian,liblockfile1,1.14-1+b1,swh:1:dir:bacf5d1a5ffc55946da7ee5c5540dfbe7aa67b5f
debian,libzlcore-data,0.12.10dfsg2-2,swh:1:dir:6925d9bbc60370f4c466169c96491b0e08ff88b9
debian,libgdraw5,1:20161005~dfsg-4+deb9u1,swh:1:dir:13ed4b595bf2d54d6fbcf5195778e489cbfa1da1
debian,libobasis6.0-images,6.0.5.2-2,swh:1:dir:be9528c05aeb436cb268fdf6f84eb3ae72fe96af
ubuntu,libxmlsec1,1.2.25-1build1,swh:1:dir:6684fe9c616959b9e551bcc86e32893f9afbbc22
debian,libgts-bin,0.7.6+darcs121130-4,swh:1:dir:822a99dbf57a109ce62236622b9d28bd80397e72
ubuntu,libpython3.6,3.6.9-1~18.04ubuntu1,swh:1:dir:ebd7f07bdd6e815949ba195b960824d1e74b2cea
debian,libpolkit-gobject-1-0,0.105-18+deb9u1,swh:1:dir:42dadd81ec51223f0888640d97a3e14a81d60442
debian,libmtdev1,1.1.5-1+b1,swh:1:dir:28b2c2b5f080f57269d4064da5f56ee0fbf498b0
debian,libavdevice57,7:3.2.14-1~deb9u1,swh:1:dir:085de4bd8865a7e8540c32a9243afcc364d1c5aa
debian,python3.5-minimal,3.5.3-1+deb9u1,swh:1:dir:09d850978b959c429713f8994c49aed25b71ac4d
ubuntu,init,1.51,swh:1:dir:4e1ebd674fe6b7b055d7b895906ddabec4b657a1
ubuntu,ubuntu-standard,1.417.4,swh:1:dir:ab922597af73114917562eaa69953d295a827b71
debian,libpython2.7-dev,2.7.13-2+deb9u3,swh:1:dir:5d0dde871ed19d3a96a4137bede70a1aee6d4bd7
debian,procps,2:3.3.12-3+deb9u1,swh:1:dir:2591c9c58ac71e2aabdcd4ab474715c6e8233e4e
debian,libwrap0,7.6.q-26,swh:1:dir:3527214331cbfeaff34bd200fd8d9b5cfb033eb8
ubuntu,libboost-system1.65.1,1.65.1+dfsg-0ubuntu5,swh:1:dir:1d131aec06a71646bd0fb2b99d507edeec883ef9
debian,exfat-utils,1.2.5-2,swh:1:dir:178be04b59b6d5007305884486eca469d7b1b70d
debian,python3-httplib2,0.9.2+dfsg-1,swh:1:dir:b171c78e1f43cea4843031658a8b3261093ec069
debian,libobasis5.3-draw,5.3.4.2-2,swh:1:dir:be9528c05aeb436cb268fdf6f84eb3ae72fe96af
ubuntu,python3-chardet,3.0.4-1,swh:1:dir:d5300aa826e2169c99c785b70268f10901d79297
debian,docbook-xml,4.5-8,swh:1:dir:8a89cab69de7a39a6ee8a73d3038b1c4da35773b
debian,libwww-robotrules-perl,6.01-1,swh:1:dir:9c6ce2937924796dfd57284bb13120361ae5dd1a
ubuntu,libffi6,3.2.1-8,swh:1:dir:d121e305714c0bb2139ed68bd605c14b75257185
debian,libfontenc-dev,1:1.1.3-1+b2,swh:1:dir:e9d9d8d090d77a54416f5874da5698e2f95efc37
ubuntu,libcilkrts5,7.5.0-3ubuntu1~18.04,swh:1:dir:1c05dc7c4afc412096a0cf418dfc5acd9e415b57
debian,libgl1-mesa-glx,13.0.6-1+b2,swh:1:dir:18fb39f3821d80388eb01f24efcde508a5a22a74
debian,libcairo-perl,1.106-1+b2,swh:1:dir:692fa2ebaa08f53fca8d501c0212a2720feeff54
debian,python-ledger,3.1.2~pre1+g3a00e1c+dfsg1-2+b1,swh:1:dir:a4a9a0baed1215d69cb041679b61d9b36263c2b2
ubuntu,libirs160,1:9.11.3+dfsg-1ubuntu1.12,swh:1:dir:882614b2f02ab5f03af61ec07bf12068ebc5e66a
ubuntu,binutils-x86-64-linux-gnu,2.30-21ubuntu1~18.04.3,swh:1:dir:a3434e1a99f25516ab50a70a08c1d6e36ca1851d
ubuntu,pollinate,4.33-0ubuntu1~18.04.1,swh:1:dir:04337f65361e9448068a53fa8be8a3039e955fb2
debian,net-tools,1.60+git20161116.90da8a0-1,swh:1:dir:c98c6b05227a9f2031eb992b3694ef3cb7e36740
debian,libusb-1.0-0,2:1.0.21-1,swh:1:dir:af8d8f38352a39df469974eb8e935e43a667707f
debian,libofa0,0.9.3-15,swh:1:dir:884c6106c65c0b64571db99477c51c3f77697246
debian,libreoffice6.1-writer,6.1.0.3-3,swh:1:dir:3095b784e901836ca66e3fdb0b5f3bb666d5f018
debian,libclass-isa-perl,0.36-5,swh:1:dir:31038de5b3f65898e426e0021b866f348ad707b4
debian,gir1.2-javascriptcoregtk-3.0,2.4.11-3,swh:1:dir:90b7527fb880e8688ee4a9d27b7fb024918ae4bf
debian,libebur128-1,1.2.2-2,swh:1:dir:0abd8e31df9f804db42b481fcf2431e22fc862c8
debian,libjavascriptcoregtk-3.0-0,2.4.11-3,swh:1:dir:90b7527fb880e8688ee4a9d27b7fb024918ae4bf
ubuntu,libx11-data,2:1.6.4-3ubuntu0.2,swh:1:dir:7073c7ee16536ad29751225f7650e1ed3e1e00a7
debian,libmono-security4.0-cil,4.6.2.7+dfsg-1,swh:1:dir:0337be756fcbe9327bf59c5cd32b97830e537183
debian,libqt5websockets5,5.7.1~20161021-4,swh:1:dir:2e589a987ded10e5f1f311df6e4d6ec3a8c123a3
debian,installation-report,2.62,swh:1:dir:aa940cb3df4d58c878c1e6058af5af4c52991bf0
debian,hexchat-perl,2.12.4-3,swh:1:dir:0556fe0fa1519fa96d1db86652dba094fee522b4
ubuntu,cpp,4:7.4.0-1ubuntu2.3,swh:1:dir:478d5ce963dc6eb2fbc61072f31c320e2741957a
debian,libappindicator3-1,0.4.92-4,swh:1:dir:9d329f3e09112c084a249630159cc509e8821e3d
ubuntu,libargon2-0,0~20161029-1.1,swh:1:dir:1e02f8906e97a8b2b5930fdfbf3e2069b807aec0
debian,libgtk-3-dev,3.22.11-1,swh:1:dir:da4b173bc1e67d38acbdc97b98c4ba5d1c907db3
debian,libobasis6.1-postgresql-sdbc,6.1.0.3-3,swh:1:dir:be9528c05aeb436cb268fdf6f84eb3ae72fe96af
debian,ca-certificates,20200601~deb9u1,swh:1:dir:498ad5fe24a78babb4777cf675d65795a5a8b2c5
debian,libxcb-dri3-dev,1.12-1,swh:1:dir:745caaf63945d5ca3afe7a3ce3583962afc1f262
debian,doxygen,1.8.13-4+b1,swh:1:dir:1d1435594d96df2ab2eeed5958988c208fc5d000
debian,imagemagick-6-common,8:6.9.7.4+dfsg-11+deb9u8,swh:1:dir:6bbc153bc8bf9caed2cc1af0df6628529fd5e388
debian,python-pycurl,7.43.0-2,swh:1:dir:68af2bb929c01c50650addf69f335535f60bd110
debian,python-gtkspellcheck,4.0.5-1,swh:1:dir:cc27aac8581c832c0d473e4c579c251e4d07a567
debian,libgmime-2.6-0,2.6.22+dfsg2-1,swh:1:dir:5e056933f6364e79a1d5d497b5cdb2a6b29f070e
debian,libmagick++-6.q16-7,8:6.9.7.4+dfsg-11+deb9u8,swh:1:dir:6bbc153bc8bf9caed2cc1af0df6628529fd5e388
debian,libapt-pkg4.12,1.0.9.8.4,swh:1:dir:e511fec46be8b258dff3596887adc9f6f459299c
ubuntu,monitoring-plugins-common,2.2-3ubuntu3,swh:1:dir:6242bacbcc8a2035f67c065058be8ab6ece639fc
debian,uuid-dev,2.29.2-1+deb9u1,swh:1:dir:726b78b92e3809d74cd1437dd51e373607bdd8ad
debian,gcc-6,6.3.0-18+deb9u1,swh:1:dir:b10b6bb8450fef0f8f623c9086fc12494b8b9f42
debian,python3-cairo,1.10.0+dfsg-5+b1,swh:1:dir:58cf0a5ade4badab268b65fe9e524e6e407eca31
debian,libsoxr0,0.1.2-2,swh:1:dir:00c1f8d6d75bcdc523b23267f7969784d5152096
debian,libann0,1.1.2+doc-6,swh:1:dir:375ab1d0761c94523e8d6f11b327fc3dc2013a7c
debian,postgresql-common,181+deb9u3,swh:1:dir:d26f738dc5108546dcba3076906774ce8a5c3450
debian,libtinfo5,6.0+20161126-1+deb9u2,swh:1:dir:144b0df8a64d3677989d30a7a5003c7e32703b64
debian,libnotify4,0.7.7-2,swh:1:dir:953552ee36f3a050d13778a0603bceaaae6d2107
debian,tex-common,6.06,swh:1:dir:38f3959af832c2ab765e598abc67cc1083d02a04
ubuntu,linux-image-generic-hwe-18.04,5.3.0.62.115,swh:1:dir:ef4aae5d376e3c0dfb3cace2367da45c31a2cba4
debian,libzvbi-common,0.2.35-13,swh:1:dir:ae3e08b5acb68c2f43f5a87caa02322160f646f8
debian,libegl1-mesa,13.0.6-1+b2,swh:1:dir:18fb39f3821d80388eb01f24efcde508a5a22a74
debian,libxvidcore4,2:1.3.4-1+b2,swh:1:dir:65618c2c4166242b08db8e98b6525421c6521db1
debian,libv4lconvert0,1.12.3-1,swh:1:dir:81b4dad92c1d36a2683ddb4eeef002cad870f560
ubuntu,cmake-data,3.10.2-1ubuntu2.18.04.1,swh:1:dir:6e7d89062e12e32dc4ebd2b0fb0c6f7b6140592a
ubuntu,linux-modules-extra-5.3.0-42-generic,5.3.0-42.34~18.04.1,swh:1:dir:988b8d8164b3964a6b4da5b74e776ab82e02b32c
ubuntu,python3-software-properties,0.96.24.32.13,swh:1:dir:881552e74744ac022d237ce3c85bdb7efcadfd03
ubuntu,install-info,6.5.0.dfsg.1-2,swh:1:dir:55fa755be4992c30a602219c504d1f0a932002bf
debian,qt5-gtk-platformtheme,5.7.1+dfsg-3+deb9u2,swh:1:dir:4cf9a8b87cdf3ae5923042e21d624741812aa3be
debian,fonts-droid,1:4.4.4r2-6,swh:1:dir:4fdb8110e818f5785aac9695c660f75d6fe50ee9
debian,lynx-cur,2.8.9dev11-1,swh:1:dir:63d413bb5c64ea2d5b912065ddbbb648c78365a6
ubuntu,libpango-1.0-0,1.40.14-1ubuntu0.1,swh:1:dir:a0293261eac62fd91a2a89d30ea57742e5e2d3f6
debian,libijs-0.35,0.35-12,swh:1:dir:b179f76d903b40e5253d63f768e2b6b61844b1a5
debian,gpgsm,2.1.18-8~deb9u4,swh:1:dir:27f3a322e28d1c9f2a2ef9cbc542954f468f7027
debian,libapparmor1,2.11.0-3+deb9u2,swh:1:dir:4492149ff13ed0fd60910b3e79532aeebe691075
debian,python-httplib2,0.9.2+dfsg-1,swh:1:dir:b171c78e1f43cea4843031658a8b3261093ec069
debian,libxss-dev,1:1.2.2-1,swh:1:dir:898712a74cbca66973244d609a0d8c974ec6d620
debian,xdg-utils,1.1.1-1+deb9u1,swh:1:dir:7944f7d9228cd7f22e845d46c35e7fb388a6a754
debian,libcupsfilters1,1.11.6-3+deb9u1,swh:1:dir:d3e530742cfc6f438aebdfc5f6f89e3361ced625
debian,libmime-types-perl,2.13-1,swh:1:dir:6ac44ce771e761ee5c1b29eac642419a6b464b8c
debian,mono-runtime,4.6.2.7+dfsg-1,swh:1:dir:0337be756fcbe9327bf59c5cd32b97830e537183
debian,python-xdg,0.25-4,swh:1:dir:533d36dc970ab655c94259a505b9dda77be5dc36
debian,libqt5printsupport5,5.7.1+dfsg-3+deb9u2,swh:1:dir:4cf9a8b87cdf3ae5923042e21d624741812aa3be
ubuntu,keyboard-configuration,1.178ubuntu2.9,swh:1:dir:12052fb27a7324cfa2b9985791272a8d2c90c322
ubuntu,intel-microcode,3.20200609.0ubuntu0.18.04.1,swh:1:dir:af80a013280894800c95ea00288148bba8b5bd46
debian,pandoc-data,1.17.2~dfsg-3,swh:1:dir:5d933f518b4fe0ba7f55e3f94a16ced2e04c825f
debian,libicu52,52.1-8+deb8u4,swh:1:dir:4546bf12ae7fc94706e0fab1136392de6d4ecd72
debian,gramps,5.1.1-1,swh:1:dir:7e53eb7d9bcc718b51c2c23c971e75a421544087
debian,libde265-0,1.0.2-2+b2,swh:1:dir:8cc393cbb5ad8972bfb414eb382dea07772e69f1
debian,libpod-latex-perl,0.61-2,swh:1:dir:6f5798af804dfcd576db92515c7f179a7b9a7995
ubuntu,libbsd0,0.8.7-1ubuntu0.1,swh:1:dir:5c64d98e93c5df16b4778283e74f5350aed52640
debian,tzdata,2019c-0+deb9u1,swh:1:dir:1753e4883025c8aadedc6ba6046c9d751dd30859
debian,youtube-dl,2017.05.18.1-1,swh:1:dir:a1583981a1edcbf12e8888bc1c5f444497296675
debian,libxrender-dev,1:0.9.10-1,swh:1:dir:7bb50f1b611dabb0ce380ad1291f4e07a1f9f81e
debian,libxcb-keysyms1-dev,0.4.0-1+b2,swh:1:dir:ee9ecbf60bbba769fb6eb7eaeeb27d55f202c6b4
debian,x11proto-present-dev,1.1-1,swh:1:dir:3b05f37a3b6f77982446292a2ac39da73b632130
debian,libxcb-damage0-dev,1.12-1,swh:1:dir:745caaf63945d5ca3afe7a3ce3583962afc1f262
debian,libavahi-common-data,0.6.32-2,swh:1:dir:0670284751c68987708f9a9b4525c7be1ece81e7
debian,libreoffice6.0-dict-es,6.0.5.2-2,swh:1:dir:3095b784e901836ca66e3fdb0b5f3bb666d5f018
debian,liblocale-gettext-perl,1.07-3+b1,swh:1:dir:dd0a2ff41d99038d98a8b00e812a78903878dc3c
debian,python3-ecdsa,0.13-2+deb9u1,swh:1:dir:7883384d97a64e09c1497ea1e3ee639fd1342495
debian,libdjvulibre21,3.5.27.1-7,swh:1:dir:fcbc0495559fd29bfb928bdeb28b5d1c9ab0fed3
debian,libatk1.0-data,2.22.0-1,swh:1:dir:2488e8e45e74a7547938afdbe0cc99129b08b5e0
ubuntu,perl-modules-5.26,5.26.1-6ubuntu0.3,swh:1:dir:f3e6dc19d7fddbe8f23c3eaacd1cc757b8b93bdd
debian,docutils-doc,0.13.1+dfsg-2,swh:1:dir:b4fa7979272ac56b9e88b3c63afa8114e9d7e85f
ubuntu,pastebinit,1.5-2,swh:1:dir:6eb0505be74392a7070abf62436bad0dfa32628f
debian,xutils-dev,1:7.7+5+b1,swh:1:dir:46741bc48b5562aa4f918b731535ba198a2f8326
ubuntu,thermald,1.7.0-5ubuntu5,swh:1:dir:55195cc6bae945965e8304ed19c3fc6c92a4f9f6
debian,libnetfilter-acct1,1.0.2-1.1,swh:1:dir:73e4423142d0cc8f223c5342c1d098a589403517
debian,libxcb-keysyms1,0.4.0-1+b2,swh:1:dir:ee9ecbf60bbba769fb6eb7eaeeb27d55f202c6b4
debian,libsasl2-modules,2.1.27~101-g0780600+dfsg-3+deb9u1,swh:1:dir:9ad10de12cd7e2db69271d8cfe79812b2e727b05
ubuntu,libaudit1,1:2.8.2-1ubuntu1,swh:1:dir:2548767e0c15cf1f895672d5bf03fcaee94b414b
debian,e2fsprogs,1.43.4-2+deb9u1,swh:1:dir:442e05534be40d453141c0ba8bbf62d5bf7010e2
debian,libxv1,2:1.0.11-1,swh:1:dir:1eb94103bdafcd96a5fbd828ce0886eab2bc9779
debian,libmono-system4.0-cil,4.6.2.7+dfsg-1,swh:1:dir:0337be756fcbe9327bf59c5cd32b97830e537183
debian,python-qrcode,5.3-1,swh:1:dir:0c23f015e37edaf4189c1d29de529adb9cb3c6b5
debian,libobasis6.1-extension-report-builder,6.1.0.3-3,swh:1:dir:be9528c05aeb436cb268fdf6f84eb3ae72fe96af
ubuntu,libdrm-common,2.4.101-2~18.04.1,swh:1:dir:227f8dd567be578c85a00d0bded441f340b6b5c0
debian,libdbi-dev,0.9.0-4+deb9u1,swh:1:dir:65412780d91a4768cc5c51b8627dcf4adf1f0f32
ubuntu,libtsan0,8.4.0-1ubuntu1~18.04,swh:1:dir:d49af0c20553df7786c37c2c2f91ac5808a9d6ec
debian,libproxy1v5,0.4.14-2,swh:1:dir:f0d9913b94a630f502cdd712e8fcaf86e386cda3
debian,libobasis6.0-en-us,6.0.5.2-2,swh:1:dir:be9528c05aeb436cb268fdf6f84eb3ae72fe96af
debian,libmono-system-configuration4.0-cil,4.6.2.7+dfsg-1,swh:1:dir:0337be756fcbe9327bf59c5cd32b97830e537183
debian,libopenjpeg5,1:1.5.2-3,swh:1:dir:da68f20eaa7f22511cdd0d99a6e3cbd27e06eeb7
debian,libgtk2.0-common,2.24.31-2,swh:1:dir:12abc38b4986653ff32c445493930f45813f0065
debian,libsoundtouch1,1.9.2-2+deb9u1,swh:1:dir:2d692425a6d9dc2d586ab1a71479d9cee7319118
debian,x11proto-composite-dev,1:0.4.2-2,swh:1:dir:029d9fcbd7f965b3ad6cee5ee6750402fbff15ae
debian,libgtkmm-2.4-1v5,1:2.24.5-1,swh:1:dir:ed861f95d7c3c25132df698ca5b3d15723952145
ubuntu,pigz,2.4-1,swh:1:dir:2accce8b61ade190ffaa6f8fb5669bcac04ebd19
ubuntu,ltrace,0.7.3-6ubuntu1,swh:1:dir:1a86eefd9427cbf95394d090afdaa0a84d46e0c1
ubuntu,procps,2:3.3.12-3ubuntu1.2,swh:1:dir:9565cf96242cdff59d056497308423ec3b6bcc48
debian,libsord-0-0,0.16.0~dfsg0-1+b1,swh:1:dir:b1eb7139d2df98414774cc7ba8a12ade1d366acd
debian,host,1:9.10.3.dfsg.P4-12.3+deb9u6,swh:1:dir:ba72a41437d77152b35a7d265ca6bff2180a20f1
debian,libicu-dev,57.1-6+deb9u4,swh:1:dir:4546bf12ae7fc94706e0fab1136392de6d4ecd72
ubuntu,libisns0,0.97-2build1,swh:1:dir:a406e824144d1158f3c7db786928f427ed800532
debian,libcairomm-1.0-1v5,1.12.0-1+b1,swh:1:dir:d4ff3bcc7f192656103226742e5e536bc293063e
debian,libobasis5.3-extension-javascript-script-provider,5.3.4.2-2,swh:1:dir:be9528c05aeb436cb268fdf6f84eb3ae72fe96af
debian,gstreamer1.0-alsa,1.10.4-1+deb9u1,swh:1:dir:a64ae2db408f11b82f339bd91ba7becdc78bb98a
debian,libipc-system-simple-perl,1.25-3,swh:1:dir:2b30e8eb5b50ee47e5e06dfd735b149b7e75de62
ubuntu,libhttp-message-perl,6.14-1,swh:1:dir:01bc1c031b1ccace7c4533c27a22d7d05643a1df
debian,libxcb-glx0,1.12-1,swh:1:dir:745caaf63945d5ca3afe7a3ce3583962afc1f262
debian,shared-mime-info,1.8-1+deb9u1,swh:1:dir:7012b0cf6bdcd2e4644d5e122cf35bcd7e1567c6
debian,libasound2-plugins,1.1.1-1,swh:1:dir:9cd90d79d8123a3cc32ff46de7a18291f4fb666e
debian,libio-html-perl,1.001-1,swh:1:dir:e9d71339995ee88334392fbabe1b56d37ee1d1ed
debian,libavc1394-0,0.5.4-4+b1,swh:1:dir:e00872ccac884baea3283f351f815de7332c66a7
ubuntu,linux-image-5.3.0-51-generic,5.3.0-51.44~18.04.2,swh:1:dir:52a377f1738da74986c39f67c3d7a305c80cafbe
ubuntu,gdisk,1.0.3-1,swh:1:dir:df46bb06c03583a2b9861287045475af3cfeb51d
debian,python3-pysimplesoap,1.16-2,swh:1:dir:82cafa1171bd3cc1234e0990e24325053362d894
debian,libwww-perl,6.15-1,swh:1:dir:06325476a4758b5af762e1848a76bf500ab2d99c
debian,libopencv-video2.4v5,2.4.9.1+dfsg1-2,swh:1:dir:8c48d5da54dd6f953aefb1fffc6a27439fd296e3
ubuntu,linux-modules-5.3.0-42-generic,5.3.0-42.34~18.04.1,swh:1:dir:988b8d8164b3964a6b4da5b74e776ab82e02b32c
debian,libisl10,0.12.2-2,swh:1:dir:b3c4820cb5fe029a82fe6a3dfa55ed4296de8965
debian,libvisio-0.1-1,0.1.5-4+b1,swh:1:dir:a07f1a05da9423c70ad4300ae5fe473782932888
debian,libprotobuf10,3.0.0-9,swh:1:dir:968fbab8c9c1065498785ae935d2a90b80a1ca85
ubuntu,linux-libc-dev,4.15.0-109.110,swh:1:dir:55b5be0d585b3233d6c96e9e8d158630258f262c
debian,libbsd0,0.8.3-1,swh:1:dir:c0225eb89731a1aba0b03b9ddbfd492e0726fa1b
debian,libxml-parser-perl,2.44-2+b1,swh:1:dir:13a5e950c5a04f022260e72c9a30c9d3cc360ee6
debian,libxml2,2.9.4+dfsg1-2.2+deb9u2,swh:1:dir:46d2c3824bddcc5e784d5871540600523a1a42f5
debian,libqt4-dbus,4:4.8.7+dfsg-11,swh:1:dir:96697ee08e13d2823db56f2404f25d5c31d4e2a0
debian,libpciaccess0,0.13.4-1+b2,swh:1:dir:6839271c9e63e09c454b7f7d6e6d29beccf3cbae
debian,x11-xkb-utils,7.7+3+b1,swh:1:dir:cd4585f92315e1c6714cd3d5e155465373b665b3
debian,python3-pil,4.0.0-4+deb9u1,swh:1:dir:e6ba5a181683797f1b5c4d63db995ce7f5b6bac8
debian,libgtk2-perl,2:1.2499-1,swh:1:dir:019dfc5a944a45507bdc15eed52ce392c2648008
debian,libobjc4,6.3.0-18+deb9u1,swh:1:dir:b10b6bb8450fef0f8f623c9086fc12494b8b9f42
debian,libxfixes-dev,1:5.0.3-1,swh:1:dir:e99097774820a5c309e797a7d559869d664e4674
ubuntu,libavahi-client3,0.7-3.1ubuntu1.2,swh:1:dir:c65af1251b862117281b43de11c75c928ca0acdf
debian,libgcc-6-dev,6.3.0-18+deb9u1,swh:1:dir:b10b6bb8450fef0f8f623c9086fc12494b8b9f42
ubuntu,hdparm,9.54+ds-1,swh:1:dir:19e272dcb857030a63d1b1c8605830950ccc90bf
debian,libkeyutils1,1.5.9-9,swh:1:dir:fb5c2d708dd4055293ae694e0e94c5d1afd118bc
debian,dconf-gsettings-backend,0.26.0-2+b1,swh:1:dir:4eea97445bb2f9a20b496ae5f434575259155bf2
debian,libparted2,3.2-17,swh:1:dir:094edac47008cb14c68e2b1f88d447f2dbbd977e
ubuntu,libhx509-5-heimdal,7.5.0+dfsg-1,swh:1:dir:9fc403274b47db80856cf6380eb3061bb181fba1
debian,notification-daemon,0.7.6-2,swh:1:dir:cfc3f2758f1d94c11a827b55b377ef646b78e79e
ubuntu,acl,2.2.52-3build1,swh:1:dir:efef03a21cf594ec35727ebf177f6d3382b4fe08
debian,libnpth0,1.3-1,swh:1:dir:b6e2b1e241e3545fb0a02ba836371d8a394476d9
debian,libreoffice6.1-draw,6.1.0.3-3,swh:1:dir:3095b784e901836ca66e3fdb0b5f3bb666d5f018
ubuntu,python3-pyasn1,0.4.2-3,swh:1:dir:272ecb5660a7a9dca24553dd04b25bcd5c5db187
ubuntu,fonts-dejavu-core,2.37-1,swh:1:dir:c26aee746149a46bb2b632d247b4bdb1590c5aee
debian,libbibutils2,4.12-5+b2,swh:1:dir:1e7edd8150d157f1c193c1b93af27689ad63a1bb
debian,init-system-helpers,1.48,swh:1:dir:0dced046670849041b96c1ee307beba55d8ed346
debian,gstreamer1.0-plugins-good,1.10.4-1,swh:1:dir:4050f238753efec9f5de3f1079ea3c69f21db31a
debian,libglib2.0-dev,2.50.3-2+deb9u2,swh:1:dir:09eeae72a54975e065d3ec47c0f85290b498f646
debian,libtalloc2,2.1.8-1,swh:1:dir:f9af16d284db7108864326e4058f99b0449d37f8
debian,gcc-6-base,6.3.0-18+deb9u1,swh:1:dir:b10b6bb8450fef0f8f623c9086fc12494b8b9f42
debian,libirs-export91,1:9.9.5.dfsg-9+deb8u10,swh:1:dir:ba72a41437d77152b35a7d265ca6bff2180a20f1
ubuntu,whiptail,0.52.20-1ubuntu1,swh:1:dir:5e230206d4b01d0d37f1a80b8e565b03a48f8945
ubuntu,gpgsm,2.2.4-1ubuntu1.2,swh:1:dir:52ef802d5c3136126809128e408ef580b6980625
debian,libmpg123-0,1.23.8-1+b1,swh:1:dir:155eac265ff1514cdaa722aab487f30b65d7b8f1
debian,libvorbis0a,1.3.5-4+deb9u2,swh:1:dir:7c5d6d87b0a6a47a49ad0dd58031899bafda3197
debian,libpng-dev,1.6.28-1+deb9u1,swh:1:dir:75688ac520e4a1bf0dcbcd3a7f03f6e52ee90476
debian,xserver-xorg-core,2:1.19.2-1+deb9u5,swh:1:dir:83dfa18af6ccc916cbd120a564319db259c4bfa2
debian,gnustep-base-common,1.24.9-3.1+deb9u1,swh:1:dir:32d3e8f13dbbb57482bc266811f73c3c92ee219a
debian,libobasis6.0-extension-beanshell-script-provider,6.0.5.2-2,swh:1:dir:be9528c05aeb436cb268fdf6f84eb3ae72fe96af
debian,x11proto-damage-dev,1:1.2.1-2,swh:1:dir:13d57065424167ea963cab22125fd13cbf22f33a
debian,libgail18,2.24.31-2,swh:1:dir:12abc38b4986653ff32c445493930f45813f0065
ubuntu,python3-urllib3,1.22-1ubuntu0.18.04.1,swh:1:dir:10bb55f7d7c8ac925decb63a843ec46f17c2feca
ubuntu,libsepol1,2.7-1,swh:1:dir:0fe4a77f982335e73a7610dacded6136f43ccef6
debian,libobasis6.1-extension-pdf-import,6.1.0.3-3,swh:1:dir:be9528c05aeb436cb268fdf6f84eb3ae72fe96af
debian,libobasis6.0-kde-integration,6.0.5.2-2,swh:1:dir:be9528c05aeb436cb268fdf6f84eb3ae72fe96af
debian,libwpg-0.3-3,0.3.1-3,swh:1:dir:7af614edda50b5b2c8798ec89ca09de330a33b2c
debian,libsepol1,2.6-2,swh:1:dir:ec0c6b190e44e8d22402891cf9594a8c2c8a4a84
debian,libvorbisfile3,1.3.5-4+deb9u2,swh:1:dir:7c5d6d87b0a6a47a49ad0dd58031899bafda3197
debian,libpulse0,10.0-1+deb9u1,swh:1:dir:633f63290970363ad5f65237d2f3c50766a2928c
debian,libgtkmm-3.0-dev,3.22.0-1,swh:1:dir:f0f038b28c79739bfaf4df2ae5f2a56a6cd411eb
debian,libopenal1,1:1.17.2-4+b2,swh:1:dir:6f99d83796163a6504ab2120d9370e14591eb0f6
debian,initramfs-tools,0.130,swh:1:dir:5fe2e753846310fd605e29ececec205a448dd7c8
ubuntu,ethtool,1:4.15-0ubuntu1,swh:1:dir:2a125bc0edff5a43623ca8e0e79172fe4843a4a4
ubuntu,libnetfilter-conntrack3,1.0.6-2,swh:1:dir:2ac511ea58e033b6a4b49570dc5296291fbd7236
ubuntu,gir1.2-glib-2.0,1.56.1-1,swh:1:dir:5b0169871a9e3497404c8043684e829ca719b58e
debian,libsm-dev,2:1.2.2-1+b3,swh:1:dir:b5678c679ed14f298b3c9824beae3a36e18dd097
debian,libcommons-parent-java,39-3,swh:1:dir:b9a1afef9f14da612593124be40c7bdb76a9ff4c
debian,gir1.2-freedesktop,1.50.0-1+b1,swh:1:dir:e5668e4fbee5fcde656b4fa6a6d654d3a0edd46f
debian,python-six,1.10.0-3,swh:1:dir:7aab37c6e28201ba559449245e762e47fea83e96
ubuntu,unar,1.10.1-2build3,swh:1:dir:0200afd14e51f6b5ecee14b42e918f7be83d8871
debian,mono-4.0-gac,4.6.2.7+dfsg-1,swh:1:dir:0337be756fcbe9327bf59c5cd32b97830e537183
ubuntu,ssh-import-id,5.7-0ubuntu1.1,swh:1:dir:f01a192bf1a69b52fd107fcbe3c34ca98ecdba28
debian,libxcb-present0,1.12-1,swh:1:dir:745caaf63945d5ca3afe7a3ce3583962afc1f262
ubuntu,gpgv,2.2.4-1ubuntu1.2,swh:1:dir:52ef802d5c3136126809128e408ef580b6980625
debian,libdns-export162,1:9.10.3.dfsg.P4-12.3+deb9u6,swh:1:dir:ba72a41437d77152b35a7d265ca6bff2180a20f1
ubuntu,python3-problem-report,2.20.9-0ubuntu7.15,swh:1:dir:c8b4bb0da4aae0e1f8db4d7592fe062ea04ffdc5
debian,libsratom-0-0,0.6.0~dfsg0-1,swh:1:dir:b1285e461e860ad2a27651c794478682c6f026ae
ubuntu,libxmu6,2:1.1.2-2,swh:1:dir:309bb0263973086d3c0dcbcc783a9f4f460287bd
debian,libwbclient0,2:4.5.16+dfsg-1+deb9u2,swh:1:dir:7a436c30359252fc5f542645c1572e8d7bf2c9ae
ubuntu,nagios-nrpe-server,3.2.1-1ubuntu1,swh:1:dir:79e57f93b0ed3d613a9b90d8f8c0700d81802130
debian,libfile-copy-recursive-perl,0.38-1,swh:1:dir:ba4fe20e3333e6c84fb5c84fa9f6b50991884a8d
debian,libluajit-5.1-2,2.0.4+dfsg-1+b1,swh:1:dir:645e0195a9a5914d048c3cb330728541b396209c
ubuntu,libheimntlm0-heimdal,7.5.0+dfsg-1,swh:1:dir:9fc403274b47db80856cf6380eb3061bb181fba1
debian,libonig4,6.1.3-2,swh:1:dir:c3e3d1ed2ebcd268b285f1ee810b0ab06b408fc6
debian,libhtml-format-perl,2.12-1,swh:1:dir:0d241d4d0b7af02ff0d50c589aa35b658f6c10bd
ubuntu,base-passwd,3.5.44,swh:1:dir:e9d0a2aab4bd4f3b318c0cee406ef6fbd40d1d9d
debian,libpng16-16,1.6.28-1+deb9u1,swh:1:dir:75688ac520e4a1bf0dcbcd3a7f03f6e52ee90476
debian,libreoffice6.1-ure,6.1.0.3-3,swh:1:dir:3095b784e901836ca66e3fdb0b5f3bb666d5f018
debian,libnice10,0.1.13-2,swh:1:dir:110ad2805b9397250b1c506a7a11ba0158f82b39
debian,libltdl-dev,2.4.6-2,swh:1:dir:98af7b7f6241228c735da3acc3c0bd9c6dabc271
debian,libxcb-util0,0.3.8-3+b2,swh:1:dir:6823a2e66834d600a7806a8f95bc55c75a6876dd
ubuntu,plymouth,0.9.3-1ubuntu7.18.04.2,swh:1:dir:daec225431fe3a9d370dcf3ac0d3ad08dcbc72d9
debian,libqt5sql5,5.7.1+dfsg-3+deb9u2,swh:1:dir:4cf9a8b87cdf3ae5923042e21d624741812aa3be
ubuntu,libgcc-7-dev,7.5.0-3ubuntu1~18.04,swh:1:dir:1c05dc7c4afc412096a0cf418dfc5acd9e415b57
debian,libgles1-mesa,13.0.6-1+b2,swh:1:dir:18fb39f3821d80388eb01f24efcde508a5a22a74
debian,grep,2.27-2,swh:1:dir:bdbc54dd2ff4e1229971e6ab2b13f55afceb86e5
debian,libobasis6.1-graphicfilter,6.1.0.3-3,swh:1:dir:be9528c05aeb436cb268fdf6f84eb3ae72fe96af
debian,libsemanage1,2.6-2,swh:1:dir:847a000099f0bf4396f6591afcee7d51f19300f0
ubuntu,make,4.1-9.1ubuntu1,swh:1:dir:443600feab0f10e66c357872364fd28332951c24
ubuntu,graphviz,2.40.1-2,swh:1:dir:59e89b224e3ff3ac93dcd77cbd3828ae7f87ae2d
ubuntu,libasn1-8-heimdal,7.5.0+dfsg-1,swh:1:dir:9fc403274b47db80856cf6380eb3061bb181fba1
debian,qml-module-qtquick-privatewidgets,5.7.1~20161021-2,swh:1:dir:e7b27b3107acc714e00356b4a54cce95986dc55c
debian,imagemagick,8:6.9.7.4+dfsg-11+deb9u8,swh:1:dir:6bbc153bc8bf9caed2cc1af0df6628529fd5e388
ubuntu,libnih1,1.0.3-6ubuntu2,swh:1:dir:0ed1b51deab5d0bea9db15fba226add48133f80e
ubuntu,linux-headers-5.3.0-61-generic,5.3.0-61.55~18.04.1,swh:1:dir:988b8d8164b3964a6b4da5b74e776ab82e02b32c
ubuntu,libssl1.1,1.1.1-1ubuntu2.1~18.04.6,swh:1:dir:b94532cd88fde32de47d0ad69d7c733f0b24c415
ubuntu,time,1.7-25.1build1,swh:1:dir:df086807ab48441f648db0c9b7896e735684944e
debian,libqt5multimediawidgets5,5.7.1~20161021-2,swh:1:dir:12aae20550284c69bea01b391c49c5a97ab9b097
debian,vim-runtime,2:8.0.0197-4+deb9u3,swh:1:dir:d4b3ad519adf45ef1caf7c32356be2257c15a748
ubuntu,cryptsetup,2:2.0.2-1ubuntu1.1,swh:1:dir:d7ce65a330490b5f14269a70a04cbeb8f77db3bf
ubuntu,python3-systemd,234-1build1,swh:1:dir:2c838196d13dd23d8f9e78922468de6503704a0f
ubuntu,libalgorithm-merge-perl,0.08-3,swh:1:dir:ec5083d6748dd212d9008dd5ea8bf9fbc626c92c
debian,libmono-cairo4.0-cil,4.6.2.7+dfsg-1,swh:1:dir:0337be756fcbe9327bf59c5cd32b97830e537183
debian,libhttp-message-perl,6.11-1,swh:1:dir:454ec503967ecfea3132ffe30d642759c8d6e055
debian,libgnutls-deb0-28,3.3.8-6+deb8u4,swh:1:dir:32d3e8f13dbbb57482bc266811f73c3c92ee219a
debian,libavresample2,6:11.8-1~deb8u1,swh:1:dir:085de4bd8865a7e8540c32a9243afcc364d1c5aa
ubuntu,nplan,0.99-0ubuntu3~18.04.3,swh:1:dir:cc67d4008958e6ab8146391b8cc4815b81462fae
ubuntu,bash-completion,1:2.8-1ubuntu1,swh:1:dir:957a1603725ddc747be2747c363a288314b5e1da
debian,libip4tc0,1.6.0+snapshot20161117-6,swh:1:dir:f99a366f5c19a4a7cdc6d55c9c3fc44577ba3fe9
debian,libobasis6.0-writer,6.0.5.2-2,swh:1:dir:be9528c05aeb436cb268fdf6f84eb3ae72fe96af
debian,libqtcore4,4:4.8.7+dfsg-11,swh:1:dir:96697ee08e13d2823db56f2404f25d5c31d4e2a0
debian,fonts-dejavu-core,2.37-1,swh:1:dir:c26aee746149a46bb2b632d247b4bdb1590c5aee
ubuntu,libopts25,1:5.18.12-4,swh:1:dir:80f53cffd1ea5e5698dcff4daeca4395a6334fd8
ubuntu,usbutils,1:007-4build1,swh:1:dir:493bdc59b7b7b726b9a9c0340ad2907d145beccf
debian,libobasis6.1-onlineupdate,6.1.0.3-3,swh:1:dir:be9528c05aeb436cb268fdf6f84eb3ae72fe96af
debian,libnfsidmap2,0.25-5.1,swh:1:dir:e165615f9551192a758d3f359fc716107cd57988
debian,libopencv-core2.4v5,2.4.9.1+dfsg1-2,swh:1:dir:8c48d5da54dd6f953aefb1fffc6a27439fd296e3
debian,libssh2-1,1.7.0-1+deb9u1,swh:1:dir:cd5d21eeb4949a0ad0dc164609462b687890039e
debian,libidn2-0,0.16-1+deb9u1,swh:1:dir:524a95a899320c1831aa48797a4bfa9547ba8d66
debian,libpci3,1:3.5.2-1,swh:1:dir:3da63cdbd80bea1933384167677971751a0a77e2
ubuntu,libpam-modules,1.1.8-3.6ubuntu2.18.04.1,swh:1:dir:0fad40dbe5151c6d1d292f3069c82c471b91dd4c
debian,libobasis6.0-firebird,6.0.5.2-2,swh:1:dir:be9528c05aeb436cb268fdf6f84eb3ae72fe96af
debian,ncurses-base,6.0+20161126-1+deb9u2,swh:1:dir:144b0df8a64d3677989d30a7a5003c7e32703b64
debian,bsdutils,1:2.29.2-1+deb9u1,swh:1:dir:726b78b92e3809d74cd1437dd51e373607bdd8ad
ubuntu,libkmod2,24-1ubuntu3.4,swh:1:dir:cfcced290d3ddb0a43a23c9addc2d579fb408432
ubuntu,python3-newt,0.52.20-1ubuntu1,swh:1:dir:5e230206d4b01d0d37f1a80b8e565b03a48f8945
debian,perl,5.24.1-3+deb9u6,swh:1:dir:2446041d81dbc2812c691389a82b6016068f79c5
ubuntu,wget,1.19.4-1ubuntu2.2,swh:1:dir:02b67d411f1a0611b8540ec59bb5f09bd76ac925
debian,libsystemd-dev,232-25+deb9u12,swh:1:dir:197caa63e861576322e63abc9e6d7107587b7e06
ubuntu,iucode-tool,2.3.1-1,swh:1:dir:96a19d8998bf5f3eba353f8c9529ed93e97686e1
debian,ienglish-common,3.4.00-5,swh:1:dir:d11162c1328670275e41ff7ad7565ee3945408df
debian,libgmpxx4ldbl,2:6.1.2+dfsg-1,swh:1:dir:e1349719b076aaf121bee06ef7fd624f327e30b4
debian,libkadm5clnt-mit11,1.15-1+deb9u1,swh:1:dir:48a343801882bdf13c066be2b59dc6dd5decddc2
ubuntu,screen,4.6.2-1ubuntu1,swh:1:dir:789bf2ae3bbc6563528de91dfca958f045e96903
debian,libxkbcommon0,0.7.1-2~deb9u1,swh:1:dir:b0e83ec177e9148dc2b65db0c91ad151bc0ea84d
ubuntu,linux-modules-5.3.0-62-generic,5.3.0-62.56~18.04.1,swh:1:dir:988b8d8164b3964a6b4da5b74e776ab82e02b32c
debian,libcloog-isl4,0.18.4-1+b1,swh:1:dir:8457e551abcfc5c9ab55f3daa91b1393016cbab8
debian,libproxy1,0.4.11-4+b2,swh:1:dir:968fbab8c9c1065498785ae935d2a90b80a1ca85
debian,libwxbase3.0-0,3.0.2-1+b1,swh:1:dir:9c6ce2937924796dfd57284bb13120361ae5dd1a
debian,libcolord2,1.3.3-2,swh:1:dir:5e7df8e868edfb50f0893e5cb88b537501cf4550
debian,libobasis5.3-kde-integration,5.3.4.2-2,swh:1:dir:be9528c05aeb436cb268fdf6f84eb3ae72fe96af
ubuntu,apport-symptoms,0.20,swh:1:dir:a6f3a8f1f77acf72fac8fa89e4c417e090777f69
debian,libyaml-0-2,0.1.7-2,swh:1:dir:f24c37620e0a6746b0bf6720dbb3a13f733f7568
ubuntu,liblvm2app2.2,2.02.176-4.1ubuntu3.18.04.3,swh:1:dir:1ad291f41cc430d99ced1497aa526b86892c9065
debian,libpathplan4,2.38.0-17,swh:1:dir:a1316aee79b47201079d36f6240c368a98afa19e
debian,libibus-1.0-5,1.5.14-3+deb9u2,swh:1:dir:7eb63f19b75149c7bac0d395f8e13a093b263b71
debian,firmware-iwlwifi,20161130-5,swh:1:dir:afbf56a5e4161611792c6c808daa7ffc488e88e9
debian,libavahi-client3,0.6.32-2,swh:1:dir:0670284751c68987708f9a9b4525c7be1ece81e7
ubuntu,ebtables,2.0.10.4-3.5ubuntu2.18.04.3,swh:1:dir:c374883f04ac4c795a896d608d6d0e5ce601ee27
debian,libx11-xcb1,2:1.6.4-3+deb9u1,swh:1:dir:56f66cce36d99cd6a52ff9ff3eae47f8b1865b74
debian,linux-image-4.9.0-7-amd64,4.9.110-3+deb9u2,swh:1:dir:70722afb6c92e51df227926c81d8727ffc8cde3e
debian,libcwidget3,0.5.17-2,swh:1:dir:3913431db16553d7505485767f84ad33644af7c3
ubuntu,python3-asn1crypto,0.24.0-1,swh:1:dir:1c1b7e2022b140ae4cc1e9c102f00d4112703734
debian,libxdamage1,1:1.1.4-2+b3,swh:1:dir:99fa385cc7a9b2de253a41bae29783a188e8862f
debian,kbd,2.0.3-2+b1,swh:1:dir:f1ea7ed36699561d97cbc2db3c6bcb9796d785cb
debian,firmware-misc-nonfree,20161130-5,swh:1:dir:afbf56a5e4161611792c6c808daa7ffc488e88e9
debian,libksba8,1.3.5-2,swh:1:dir:bf7cdf4068e88bf1420d5d17ed32741b0de7244c
debian,lsb-base,9.20161125,swh:1:dir:635150679c62b1f4814e431150b00e0154c81e58
ubuntu,netfilter-persistent,1.0.4+nmu2ubuntu1,swh:1:dir:3ecbe1b7d521cef1f7f28f6b4062e718d9c288e3
debian,libgmp10,2:6.1.2+dfsg-1,swh:1:dir:e1349719b076aaf121bee06ef7fd624f327e30b4
debian,default-jre,2:1.8-58+deb9u1,swh:1:dir:7d61a83ca735ced3f4698cb2c7a50a990b01eef2
debian,libxfixes3,1:5.0.3-1,swh:1:dir:e99097774820a5c309e797a7d559869d664e4674
debian,libgpm-dev,1.20.4-6.2+b1,swh:1:dir:8afe921c73f2a0b93da07b3467b9cbb44de964d4
ubuntu,libpixman-1-0,0.34.0-2,swh:1:dir:053ea839256df7f8a490704ed3cfb91462d8e8d5
ubuntu,libpython3.6-stdlib,3.6.9-1~18.04ubuntu1,swh:1:dir:ebd7f07bdd6e815949ba195b960824d1e74b2cea
debian,pulseaudio-utils,10.0-1+deb9u1,swh:1:dir:633f63290970363ad5f65237d2f3c50766a2928c
debian,libdc1394-22,2.2.5-1,swh:1:dir:07db1f793ca8597b4c129ca581499a967ca12911
ubuntu,libnuma1,2.0.11-2.1ubuntu0.1,swh:1:dir:8536aeb5fbc0dc3a885e54e17085c7a26e147bde
debian,libxmu6,2:1.1.2-2,swh:1:dir:309bb0263973086d3c0dcbcc783a9f4f460287bd
ubuntu,patch,2.7.6-2ubuntu1.1,swh:1:dir:b9b81a3a11257b72f582303596956c6726893b88
debian,libx11-xcb-dev,2:1.6.4-3+deb9u1,swh:1:dir:56f66cce36d99cd6a52ff9ff3eae47f8b1865b74
debian,libobasis6.0-extension-pdf-import,6.0.5.2-2,swh:1:dir:be9528c05aeb436cb268fdf6f84eb3ae72fe96af
ubuntu,libcc1-0,8.4.0-1ubuntu1~18.04,swh:1:dir:d49af0c20553df7786c37c2c2f91ac5808a9d6ec
debian,vdpau-driver-all,1.1.1-6,swh:1:dir:6463c1060dcdd30f65e062c02a58797d82daeab5
debian,libxcb-xf86dri0-dev,1.12-1,swh:1:dir:745caaf63945d5ca3afe7a3ce3583962afc1f262
debian,libobasis5.3-onlineupdate,5.3.4.2-2,swh:1:dir:be9528c05aeb436cb268fdf6f84eb3ae72fe96af
ubuntu,containerd.io,1.2.10-3,swh:1:dir:12052fb27a7324cfa2b9985791272a8d2c90c322
debian,libthai-data,0.1.26-1,swh:1:dir:32a9616cd739546564e3aa536b44a0f03d696767
debian,liblwp-protocol-https-perl,6.06-2,swh:1:dir:7fc0e3f4a147f85c4384e07962dd0d6fad91943b
ubuntu,libunistring2,0.9.9-0ubuntu2,swh:1:dir:27a566d1db8f851aaf6014ab863925190e111092
debian,libwebp6,0.5.2-1,swh:1:dir:cfd00e010ee97a366c2a01a6ae03bc35b3a511a2
debian,python-enchant,1.6.7-1,swh:1:dir:c06bf7240bf75af70b522c93bf428d31c970b26e
debian,libdrm-intel1,2.4.74-1,swh:1:dir:9f4ec9c3246435e566a6cc24a9038de5a579beda
debian,libargon2-0,0~20160821-1+b1,swh:1:dir:fe0fe7110f0c3d2c11669341ff6fc41788d465cb
debian,whiptail,0.52.19-1+b1,swh:1:dir:d314d163b3c4d2f488d1d0c61657f3d10aa5be4e
ubuntu,libip6tc0,1.6.1-2ubuntu2,swh:1:dir:32dea11f72b1fb4d16ceefccb6b7f15e351f0ad9
debian,mime-support,3.60,swh:1:dir:474b91068291f3342cb0573e8697677629a3a004
ubuntu,python3-hyperlink,17.3.1-2,swh:1:dir:f0ea4bfe937bab258c35084e49e19fcf6f9bde95
ubuntu,kmod,24-1ubuntu3.4,swh:1:dir:cfcced290d3ddb0a43a23c9addc2d579fb408432
debian,va-driver-all,1.7.3-2,swh:1:dir:4d394cfca6ccb3a7f7ee9807f2596acffbd3111b
ubuntu,gnustep-base-runtime,1.25.1-2ubuntu3,swh:1:dir:112b98c2620f17cdb8e21ded1dcfc0b3ffecf7d7
debian,libxmuu-dev,2:1.1.2-2,swh:1:dir:309bb0263973086d3c0dcbcc783a9f4f460287bd
debian,libglibmm-2.4-dev,2.50.0-1,swh:1:dir:b5875627784774b8baf49e8b86c6c7a76efab278
debian,libxcb-ewmh-dev,0.4.1-1,swh:1:dir:e3f6e50a4c9c401c70204bdfbc93384196d7b7f5
ubuntu,libnl-3-200,3.2.29-0ubuntu3,swh:1:dir:47622d616e634133cc5f08d849cc29de0560aaeb
debian,perl-openssl-defaults,3,swh:1:dir:28b73464910fbc02d90d0c85fdcaf353fa3a01f1
debian,libunibreak1,1.1-2,swh:1:dir:c480dc8418b43e5918eabd8b2b83c0851ba9f859
debian,libtiffxx5,4.0.8-2+deb9u5,swh:1:dir:11ac4c1d9ec5e17d538643c1c9dd2fc1204d209e
ubuntu,libnetplan0,0.99-0ubuntu3~18.04.3,swh:1:dir:cc67d4008958e6ab8146391b8cc4815b81462fae
debian,libasan3,6.3.0-18+deb9u1,swh:1:dir:b10b6bb8450fef0f8f623c9086fc12494b8b9f42
debian,libtmglib-dev,3.7.0-2,swh:1:dir:82711d5bb296d3e8eeaeb900cfab61fe46693888
debian,build-essential,12.3,swh:1:dir:6e08dbc08882c7ac2649fec8048bbb42f1a6756c
debian,libpcre3-dev,2:8.39-3,swh:1:dir:9108bd4114b8751cdab77aae090e0f0bd7cdef55
debian,python3-gi,3.22.0-2,swh:1:dir:68352604151cd3f3fb78da4f681a64559e86c06a
debian,libdevel-globaldestruction-perl,0.14-1,swh:1:dir:b18df9f5a28a156e9c42a709bc9580e6c55441a1
debian,libxtables10,1.4.21-2+b1,swh:1:dir:2ae482004a63057ef060fd9b31ad864c2183a3c9
ubuntu,libapparmor1,2.12-4ubuntu5.1,swh:1:dir:5ad58253f744510ba21876c5b3f5d71ca322c536
debian,libkmod2,23-2,swh:1:dir:a8306b48197c39616c130281ca55b8b4ef8de7dc
debian,libxcb-image0-dev,0.4.0-1+b2,swh:1:dir:4eabfa46b26313908eca84e463a5ffe8377ad6b6
ubuntu,libpython3-stdlib,3.6.7-1~18.04,swh:1:dir:7cae6c5e77b7425d10484312f89f6e095d93ff80
debian,libsmbclient,2:4.5.16+dfsg-1+deb9u2,swh:1:dir:7a436c30359252fc5f542645c1572e8d7bf2c9ae
debian,libatspi2.0-dev,2.22.0-6+deb9u1,swh:1:dir:c516116bcbd2898ba1e7b71602f992281489f4e4
debian,libatk-wrapper-java-jni,0.33.3-13+deb9u1,swh:1:dir:a03f1ce1352511019a0ec122edb963d23a846af4
debian,libgl1-mesa-dri,13.0.6-1+b2,swh:1:dir:18fb39f3821d80388eb01f24efcde508a5a22a74
ubuntu,libxext6,2:1.3.3-1,swh:1:dir:8bcfeab36aea39665b760fb9b6b4420b42b36ef4
ubuntu,libc-dev-bin,2.27-3ubuntu1,swh:1:dir:22cb79e66f368b54b876d305c576f6b7af4b37bf
ubuntu,liblxc-common,3.0.3-0ubuntu1~18.04.1,swh:1:dir:5b00322a110230ab3373c45fd11ad471f494a260
debian,liblsan0,6.3.0-18+deb9u1,swh:1:dir:b10b6bb8450fef0f8f623c9086fc12494b8b9f42
debian,fig2dev,1:3.2.6a-2+deb9u3,swh:1:dir:b32c36433a0ae92157927de21792de4aeb36104b
debian,libboost-iostreams1.62.0,1.62.0+dfsg-4,swh:1:dir:c31773045a388de5de3ffc831aa3b9923f305efc
debian,libmono-i18n-west4.0-cil,4.6.2.7+dfsg-1,swh:1:dir:0337be756fcbe9327bf59c5cd32b97830e537183
ubuntu,python3-update-manager,1:18.04.11.13,swh:1:dir:0d2e20a616ecec749fe2b5c83224d87a54054799
debian,xml-core,0.17,swh:1:dir:521b043660191e429d7ff2e736bfeecfb271096a
debian,libsemanage-common,2.6-2,swh:1:dir:847a000099f0bf4396f6591afcee7d51f19300f0
ubuntu,fuse,2.9.7-1ubuntu1,swh:1:dir:b9400f685085e69bf097b0e6484d88e342caa897
debian,libsasl2-modules-db,2.1.27~101-g0780600+dfsg-3+deb9u1,swh:1:dir:9ad10de12cd7e2db69271d8cfe79812b2e727b05
debian,python-minimal,2.7.13-2,swh:1:dir:7580554401c95f22fc5b1acd191182dbd397c30f
ubuntu,vim-common,2:8.0.1453-1ubuntu1.3,swh:1:dir:81cb416587546001824fea95f3fc5ef5a1e8a909
debian,debtags,2.1.2,swh:1:dir:1c87e3cb816b1f2bda20d80dd46d4aa3531cbaf6
debian,libsoup2.4-1,2.56.0-2+deb9u2,swh:1:dir:7b579097079b912eed40ae4389695cb2236ed049
ubuntu,libpython2.7-minimal,2.7.17-1~18.04ubuntu1,swh:1:dir:42640b2065ca6588b08bc072be706fae56d597b9
debian,libkadm5srv-mit11,1.15-1+deb9u1,swh:1:dir:48a343801882bdf13c066be2b59dc6dd5decddc2
debian,popularity-contest,1.64,swh:1:dir:8135629a6df630e1f63e6c464880a913d9c9133f
debian,debianutils,4.8.1.1,swh:1:dir:343bdaef13076fed6307865a908a93530590361c
debian,libcdio-cdda1,0.83-4.3+b1,swh:1:dir:ff1f3b2b13254edc74ed046499cb205cefa9a73f
ubuntu,netbase,5.4,swh:1:dir:10664409478cab10f85549c0130f2f87fcc9f28c
debian,ca-certificates-mono,4.6.2.7+dfsg-1,swh:1:dir:0337be756fcbe9327bf59c5cd32b97830e537183
ubuntu,git-man,1:2.17.1-1ubuntu0.7,swh:1:dir:5ce499343e937249b3bcf34bb75ead41742340b2
debian,fop,1:2.1-6,swh:1:dir:42a7b16f8ebd3a1ceec844f10364f4db9c260a3d
ubuntu,irqbalance,1.3.0-0.1ubuntu0.18.04.1,swh:1:dir:115109eafeb3933fc18878bca121871d16b53c19
debian,libxaw7-dev,2:1.0.13-1+b2,swh:1:dir:5768247d53ee868fb3dc60d48e7897fa9ce0201b
debian,ncftp,2:3.2.5-2,swh:1:dir:a10502f926f7b0774f4be1cd71263754a1af9c6f
debian,libgles2-mesa-dev,13.0.6-1+b2,swh:1:dir:18fb39f3821d80388eb01f24efcde508a5a22a74
debian,libxdamage-dev,1:1.1.4-2+b3,swh:1:dir:99fa385cc7a9b2de253a41bae29783a188e8862f
debian,lsb-release,9.20161125,swh:1:dir:635150679c62b1f4814e431150b00e0154c81e58
ubuntu,libgd3,2.2.5-4ubuntu0.4,swh:1:dir:76ebc39c42d1726f274fdc87a6deb3629bf628bd
ubuntu,librhash0,1.3.6-2,swh:1:dir:9082f022e7cafbb986cb0a05db7c790d772b3020
debian,cpp-4.9,4.9.2-10,swh:1:dir:092486dd2ad6dc75d28590f63357eb64790eafb5
ubuntu,linux-modules-extra-5.3.0-40-generic,5.3.0-40.32~18.04.1,swh:1:dir:988b8d8164b3964a6b4da5b74e776ab82e02b32c
debian,sops,3.5.0,swh:1:dir:7012b0cf6bdcd2e4644d5e122cf35bcd7e1567c6
ubuntu,update-manager-core,1:18.04.11.13,swh:1:dir:0d2e20a616ecec749fe2b5c83224d87a54054799
debian,libjxr-tools,1.1-6+b1,swh:1:dir:622e58c2e153a2de1df10fed88764ae995d973a0
debian,libssl1.0.2,1.0.2u-1~deb9u1,swh:1:dir:14dd3b0d092973c47d979f5d37d188da867c8a7a
ubuntu,man-db,2.8.3-2ubuntu0.1,swh:1:dir:3ca848bd416e5dee8f12092b4d4aaea3f332f908
debian,libfontconfig1,2.11.0-6.7+b1,swh:1:dir:56198bbf268ed1e3386864e3dbb9b53a9bdb614a
ubuntu,linux-modules-5.3.0-59-generic,5.3.0-59.53~18.04.1,swh:1:dir:988b8d8164b3964a6b4da5b74e776ab82e02b32c
ubuntu,libobjc4,8.4.0-1ubuntu1~18.04,swh:1:dir:d49af0c20553df7786c37c2c2f91ac5808a9d6ec
debian,libopus0,1.2~alpha2-1,swh:1:dir:c47869518aa4976fd7bec3c1646e2379275f962f
debian,libonig2,5.9.5-3.2,swh:1:dir:2de126f9d8b793fc542992dc8b172ae7400e3512
debian,w3m,0.5.3-34+deb9u1,swh:1:dir:2d2417f73328a7a40549aa28c6f14eb8aac0b4b9
debian,vivaldi-stable,3.1.1929.45-1,swh:1:dir:f65ae9579c6869240e41ecb2819e28ae8fdad101
debian,libtiff5,4.0.8-2+deb9u5,swh:1:dir:11ac4c1d9ec5e17d538643c1c9dd2fc1204d209e
debian,libgtk-3-0,3.22.11-1,swh:1:dir:da4b173bc1e67d38acbdc97b98c4ba5d1c907db3
ubuntu,libcups2,2.2.7-1ubuntu2.8,swh:1:dir:09ea8a45b1ba0f278aadae0bc7a2935720e970ef
debian,libxcb-xinerama0,1.12-1,swh:1:dir:745caaf63945d5ca3afe7a3ce3583962afc1f262
ubuntu,openssl,1.1.1-1ubuntu2.1~18.04.6,swh:1:dir:b94532cd88fde32de47d0ad69d7c733f0b24c415
debian,python-debianbts,2.6.1,swh:1:dir:a86027aae20f425cd285fc2afbaa0549c5d0aed6
debian,isc-dhcp-common,4.3.5-3+deb9u1,swh:1:dir:eec421e23630856d30032102fba5e46299ae9297
ubuntu,lsof,4.89+dfsg-0.1,swh:1:dir:9e4b74f6a9857bfe57617d4127c4c67f7e69ba30
ubuntu,libthai-data,0.1.27-2,swh:1:dir:691ccd3e94df48124f6a6254230d51a487a918fd
debian,libqt5gui5,5.7.1+dfsg-3+deb9u2,swh:1:dir:4cf9a8b87cdf3ae5923042e21d624741812aa3be
debian,libobasis6.0-xsltfilter,6.0.5.2-2,swh:1:dir:be9528c05aeb436cb268fdf6f84eb3ae72fe96af
debian,python-pil,4.0.0-4+deb9u1,swh:1:dir:e6ba5a181683797f1b5c4d63db995ce7f5b6bac8
debian,libopenexr22,2.2.0-11+b1,swh:1:dir:14463166fcd8d23db3c2f934b1f5d789b548d357
debian,guile-2.0-libs,2.0.13+1-4,swh:1:dir:7a425dcdc5b0d70e2a029fc5920b8991b70ef99e
debian,libtext-unidecode-perl,1.30-1,swh:1:dir:4c79ef120c755bf2b883f13cbe9850e998b52684
ubuntu,libwavpack1,5.1.0-2ubuntu1.4,swh:1:dir:4d31171eedb3601d9d3d3952fe52a7d5f92252db
debian,libobasis6.0-extension-mediawiki-publisher,6.0.5.2-2,swh:1:dir:be9528c05aeb436cb268fdf6f84eb3ae72fe96af
debian,libgcrypt20,1.7.6-2+deb9u3,swh:1:dir:e04756f0e29fdc41ee4e647a704fafdcbe42b57b
ubuntu,apt-transport-https,1.6.12ubuntu0.1,swh:1:dir:87427f14ed2a85fbbc52ed06d2d388bca88ea55b
debian,libpciaccess-dev,0.13.4-1+b2,swh:1:dir:6839271c9e63e09c454b7f7d6e6d29beccf3cbae
ubuntu,locales,2.27-3ubuntu1,swh:1:dir:22cb79e66f368b54b876d305c576f6b7af4b37bf
debian,libpam0g,1.1.8-3.6,swh:1:dir:f0fb8fdccffbb827b5b3d2efd86169463605cb89
debian,default-jre-headless,2:1.8-58+deb9u1,swh:1:dir:7d61a83ca735ced3f4698cb2c7a50a990b01eef2
debian,gstreamer1.0-plugins-base,1.10.4-1+deb9u1,swh:1:dir:a64ae2db408f11b82f339bd91ba7becdc78bb98a
debian,fontconfig,2.11.0-6.7+b1,swh:1:dir:56198bbf268ed1e3386864e3dbb9b53a9bdb614a
ubuntu,linux-modules-5.0.0-36-generic,5.0.0-36.39~18.04.1,swh:1:dir:988b8d8164b3964a6b4da5b74e776ab82e02b32c
debian,libnotmuch4,0.23.7-3,swh:1:dir:502d5f3ab359c1eea723c514fdde073a3682c12d
debian,libdjvulibre-text,3.5.27.1-7,swh:1:dir:fcbc0495559fd29bfb928bdeb28b5d1c9ab0fed3
debian,task-ssh-server,3.39,swh:1:dir:e06aedabc5b26916197c61adcd58c748ee43e7b4
debian,libspiro0,1:0.5.20150702-4,swh:1:dir:28c05100d35b3f592a06e5c4463edcfd88a6fad8
debian,libklibc,2.0.4-9,swh:1:dir:0008b955fa3705ac677bc682c300fb80f11889ec
debian,python2.7-dev,2.7.13-2+deb9u3,swh:1:dir:5d0dde871ed19d3a96a4137bede70a1aee6d4bd7
ubuntu,libyaml-0-2,0.1.7-2ubuntu3,swh:1:dir:124dac68d6668b5a04f6dff908c6d2890e12bcb4
ubuntu,libc-bin,2.27-3ubuntu1,swh:1:dir:22cb79e66f368b54b876d305c576f6b7af4b37bf
debian,libxcb-dpms0-dev,1.12-1,swh:1:dir:745caaf63945d5ca3afe7a3ce3583962afc1f262
debian,librplay3,3.3.2-16+b2,swh:1:dir:5202e3a83889f9d3ddb4401f3be7a1a38ae031e7
debian,opensp,1.5.2-13+b1,swh:1:dir:290374c497765f7646872d3cb7f4ce298f806164
debian,libogg0,1.3.2-1,swh:1:dir:2de126f9d8b793fc542992dc8b172ae7400e3512
debian,krb5-multidev,1.15-1+deb9u1,swh:1:dir:48a343801882bdf13c066be2b59dc6dd5decddc2
ubuntu,open-iscsi,2.0.874-5ubuntu2.7,swh:1:dir:9685106055a46772d4e9ca9680d3d41315d0bffc
debian,libjq1,1.5+dfsg-1.3,swh:1:dir:1d294a8c0b1b1eae78349a8a9f25392365d5ca88
ubuntu,libfile-fcntllock-perl,0.22-3build2,swh:1:dir:a35e74f4dbee0aa46d39c282762c0a6c630e0491
debian,apt-transport-https,1.4.10,swh:1:dir:e511fec46be8b258dff3596887adc9f6f459299c
ubuntu,libtasn1-6,4.13-2,swh:1:dir:4560d0fb8f222f7185609415010ead496404402d
ubuntu,os-prober,1.74ubuntu1,swh:1:dir:91897337d32531db2078b4b621f823af2e870e23
ubuntu,dmidecode,3.1-1ubuntu0.1,swh:1:dir:36ad60c1c6c612a5cbbae94c841d870ec1cac861
debian,libnghttp2-14,1.18.1-1+deb9u1,swh:1:dir:137d7affda3e9f16f4b34e0ace7439c501cff35a
debian,libgettextpo-dev,0.19.8.1-2+deb9u1,swh:1:dir:2f37717c6de8057641b8b43b686b7769693fefe0
debian,debconf-i18n,1.5.61,swh:1:dir:88af4771d036f16fcd5e4d4bb23fc2dea7906450
ubuntu,kbd,2.0.4-2ubuntu1,swh:1:dir:517face76cf7843b3e0db86975c3bba4398ac7c7
debian,libisccfg140,1:9.10.3.dfsg.P4-12.3+deb9u6,swh:1:dir:ba72a41437d77152b35a7d265ca6bff2180a20f1
debian,asciidoc-fop,8.6.9-5,swh:1:dir:c71abd63d79ec811a772083b7431f1d1715a2849
ubuntu,libisc-export169,1:9.11.3+dfsg-1ubuntu1.12,swh:1:dir:882614b2f02ab5f03af61ec07bf12068ebc5e66a
debian,libio-stringy-perl,2.111-2,swh:1:dir:f3a45304230cad62148f115450fd570ae2c5dc3a
debian,aptitude,0.8.7-1,swh:1:dir:b8bc1533c2585297c7e64a182f7ffef6216c25ae
ubuntu,iproute2,4.15.0-2ubuntu1.1,swh:1:dir:ab9c68a407817f2fa73b2e052e744e126be5cce8
ubuntu,linux-headers-5.3.0-62-generic,5.3.0-62.56~18.04.1,swh:1:dir:988b8d8164b3964a6b4da5b74e776ab82e02b32c
debian,libmp3lame0,3.99.5+repack1-9+b2,swh:1:dir:0410a98fc143453572ab42cd28d11e5a44b49b9d
debian,libreoffice5.3-dict-es,5.3.4.2-2,swh:1:dir:3095b784e901836ca66e3fdb0b5f3bb666d5f018
debian,libisl15,0.18-1,swh:1:dir:b3c4820cb5fe029a82fe6a3dfa55ed4296de8965
debian,postgresql-client-common,181+deb9u3,swh:1:dir:d26f738dc5108546dcba3076906774ce8a5c3450
debian,libx11-protocol-perl,0.56-7,swh:1:dir:e84ffef50084b7883e387bfae5d350a34277394a
debian,libdevmapper1.02.1,2:1.02.137-2,swh:1:dir:7bf7e0b70ecd341d21a9e88053a11b0e8e4a09db
debian,librubberband2,1.8.1-7,swh:1:dir:dab7a7598ff55b4fd133d1034d00a160c70d02bb
debian,xserver-common,2:1.19.2-1+deb9u5,swh:1:dir:83dfa18af6ccc916cbd120a564319db259c4bfa2
ubuntu,python3-gdbm,3.6.9-1~18.04,swh:1:dir:22e694dce7bf105be7971177d1f9dcd94b9c8416
debian,libcgraph6,2.38.0-17,swh:1:dir:a1316aee79b47201079d36f6240c368a98afa19e
ubuntu,libmagic-mgc,1:5.32-2ubuntu0.4,swh:1:dir:a252abd00257d436ca177cead9d835f3f14b8c3a
debian,liblcms2-2,2.8-4+deb9u1,swh:1:dir:122ce2b0edd97a12a27dcc013f2ea9ec1ac8e0fb
debian,xterm,327-2,swh:1:dir:bb108dcb602d19c3a7597cdc5f3a125ed4d82feb
debian,libtext-wrapi18n-perl,0.06-7.1,swh:1:dir:01d5ecde5aa1369ff31fab91f9360a9d2d3a1ec0
ubuntu,libcap2-bin,1:2.25-1.2,swh:1:dir:cb4254acb96f0e06371277ee1196542fde35f69b
debian,fonts-liberation,1:1.07.4-2,swh:1:dir:b2448967b0af4e5b0ad2180e12dbe3b1865202e6
ubuntu,libmpc3,1.1.0-1,swh:1:dir:944f84e624797295d22d021ed3bc0c7b30d555ba
debian,aptitude-common,0.8.7-1,swh:1:dir:b8bc1533c2585297c7e64a182f7ffef6216c25ae
debian,libxml-sax-expat-perl,0.40-2,swh:1:dir:9e4875c304fa015f702996bcedd18607553c0ca4
ubuntu,python3-configobj,5.0.6-2,swh:1:dir:7179a21d8d6e64ca3aad80122c0b59b5b385a775
ubuntu,libwrap0,7.6.q-27,swh:1:dir:e9e730baa9b50b69e3f13781202761b64ba5d910
ubuntu,libapt-pkg5.0,1.6.12ubuntu0.1,swh:1:dir:87427f14ed2a85fbbc52ed06d2d388bca88ea55b
debian,libobasis6.1-impress,6.1.0.3-3,swh:1:dir:be9528c05aeb436cb268fdf6f84eb3ae72fe96af
ubuntu,busybox-initramfs,1:1.27.2-2ubuntu3.2,swh:1:dir:b58bf04145f3f574a980a9a000b75d148fb3fca5
debian,libpixman-1-dev,0.34.0-1,swh:1:dir:da91d0dd7f786788f28ffd4f1249524c7fad1c0c
debian,libmono-addins-gui0.2-cil,1.0+git20130406.adcd75b-4,swh:1:dir:c4beb8ba59ea5a84817958f45bf6d4e74232aeb1
ubuntu,tzdata,2020a-0ubuntu0.18.04,swh:1:dir:355ea56914e709d60cc7de1bb3346a19d1cc582b
